Sistema 69 nos

ampl "C:\Users\User\Desktop\MESTRADO\Programas\ampl\barras69\Rad_OPF.run"
Process started (PID=10332) >>>
Gurobi 11.0.3: optimal solution; objective 8832243.157
0 simplex iterations
42462 barrier iterations
342 branching nodes
absmipgap=819.079, relmipgap=9.27374e-05
------------ WARNINGS ------------
WARNING:  "Tolerance violations"
  Type                         MaxAbs [Name]   MaxRel [Name]
* quadratic con(s)             1E-05           6E-01         
*: Using the solver's aux variable values.
Documentation: mp.ampl.com/modeling-tools.html#automatic-solution-check.
solve_result = solved

solve_result_num = 0



||  =========  ||  =========  ||  =========  ||  =========  ||  =========  ||  =========    
Maguinitude de Tensao:

Ano =    1

   1    1.0000    1.0000    1.0000    1.0000    1.0000    1.0000    1.0000    1.0000    1.0000    1.0000    1.0000    1.0000    1.0000    1.0000    1.0000    1.0000    1.0000    1.0000    1.0000    1.0000    1.0000    1.0000    1.0000    1.0000    1.0000    1.0000    1.0000    1.0000    1.0000    1.0000    1.0000    1.0000    1.0000    1.0000    1.0000    1.0000    1.0000    1.0000    1.0000    1.0000    1.0000    1.0000    1.0000    1.0000    1.0000    1.0000    1.0000    1.0000
   2    1.0000    1.0000    1.0000    1.0000    1.0000    1.0000    1.0000    1.0000    1.0000    1.0000    1.0000    1.0000    1.0000    1.0000    1.0000    1.0000    1.0000    1.0000    1.0000    1.0000    1.0000    1.0000    1.0000    1.0000    1.0000    1.0000    1.0000    1.0000    1.0000    1.0000    1.0000    1.0000    1.0000    1.0000    1.0000    1.0000    1.0000    1.0000    1.0000    1.0000    1.0000    1.0000    1.0000    1.0000    1.0000    1.0000    1.0000    1.0000
   3    1.0000    1.0000    1.0000    1.0000    1.0000    1.0000    1.0000    1.0000    1.0000    1.0000    1.0000    1.0000    1.0000    1.0000    1.0000    1.0000    1.0000    1.0000    1.0000    1.0000    1.0000    1.0000    1.0000    1.0000    1.0000    1.0000    1.0000    1.0000    1.0000    1.0000    1.0000    1.0000    1.0000    1.0000    1.0000    1.0000    1.0000    1.0000    1.0000    1.0000    1.0000    1.0000    1.0000    1.0000    1.0000    1.0000    1.0000    1.0000
   4    1.0000    1.0000    1.0000    1.0000    1.0000    1.0000    1.0000    1.0000    1.0000    1.0000    1.0000    1.0000    1.0000    1.0000    1.0000    1.0000    1.0000    1.0000    1.0000    1.0000    1.0000    1.0000    1.0000    1.0000    1.0000    1.0000    1.0000    1.0000    1.0000    1.0000    1.0000    1.0000    1.0000    1.0000    1.0000    0.9999    0.9999    0.9999    0.9999    0.9999    0.9999    1.0000    0.9999    1.0000    0.9999    1.0000    1.0000    1.0000
   5    0.9999    0.9998    0.9999    0.9999    0.9999    0.9999    0.9999    0.9999    0.9999    0.9999    0.9999    0.9999    0.9999    0.9999    0.9999    0.9999    0.9999    0.9999    0.9999    0.9999    0.9999    0.9999    0.9999    0.9999    0.9999    0.9999    0.9999    0.9999    0.9998    0.9999    0.9999    0.9998    0.9999    0.9998    0.9998    0.9998    0.9998    0.9998    0.9998    0.9998    0.9998    0.9998    0.9998    0.9998    0.9998    0.9998    0.9998    0.9999
   6    0.9984    0.9983    0.9988    0.9986    0.9988    0.9989    0.9989    0.9990    0.9989    0.9990    0.9990    0.9989    0.9990    0.9988    0.9988    0.9987    0.9986    0.9987    0.9986    0.9988    0.9987    0.9985    0.9988    0.9990    0.9986    0.9989    0.9989    0.9986    0.9984    0.9988    0.9986    0.9983    0.9985    0.9982    0.9982    0.9981    0.9979    0.9979    0.9978    0.9980    0.9979    0.9981    0.9978    0.9980    0.9979    0.9981    0.9982    0.9984
   7    0.9970    0.9967    0.9976    0.9973    0.9976    0.9979    0.9978    0.9980    0.9979    0.9981    0.9981    0.9979    0.9980    0.9977    0.9978    0.9975    0.9974    0.9975    0.9973    0.9976    0.9975    0.9971    0.9976    0.9980    0.9974    0.9979    0.9978    0.9973    0.9969    0.9976    0.9973    0.9968    0.9970    0.9965    0.9965    0.9963    0.9960    0.9959    0.9957    0.9961    0.9958    0.9962    0.9958    0.9962    0.9960    0.9963    0.9965    0.9969
   8    0.9967    0.9963    0.9973    0.9970    0.9974    0.9976    0.9975    0.9978    0.9976    0.9979    0.9979    0.9976    0.9978    0.9975    0.9975    0.9972    0.9971    0.9973    0.9970    0.9973    0.9973    0.9968    0.9973    0.9978    0.9971    0.9977    0.9976    0.9970    0.9966    0.9973    0.9971    0.9964    0.9967    0.9961    0.9961    0.9959    0.9956    0.9955    0.9953    0.9957    0.9954    0.9958    0.9953    0.9958    0.9955    0.9959    0.9961    0.9965
   9    0.9965    0.9962    0.9972    0.9969    0.9973    0.9976    0.9974    0.9977    0.9975    0.9978    0.9978    0.9975    0.9977    0.9974    0.9974    0.9971    0.9970    0.9972    0.9969    0.9972    0.9972    0.9966    0.9972    0.9977    0.9970    0.9976    0.9975    0.9969    0.9965    0.9972    0.9970    0.9963    0.9966    0.9960    0.9960    0.9957    0.9954    0.9953    0.9951    0.9955    0.9952    0.9956    0.9951    0.9956    0.9953    0.9957    0.9960    0.9964
  10    0.9962    0.9958    0.9971    0.9967    0.9971    0.9975    0.9974    0.9978    0.9975    0.9979    0.9979    0.9975    0.9977    0.9973    0.9973    0.9970    0.9968    0.9972    0.9969    0.9974    0.9975    0.9966    0.9975    0.9982    0.9971    0.9981    0.9981    0.9970    0.9964    0.9976    0.9972    0.9961    0.9965    0.9956    0.9957    0.9952    0.9947    0.9946    0.9943    0.9948    0.9944    0.9950    0.9943    0.9949    0.9946    0.9951    0.9954    0.9959
  11    0.9961    0.9957    0.9971    0.9967    0.9971    0.9976    0.9974    0.9978    0.9975    0.9979    0.9979    0.9975    0.9977    0.9973    0.9974    0.9970    0.9968    0.9972    0.9969    0.9975    0.9976    0.9966    0.9976    0.9984    0.9972    0.9983    0.9982    0.9971    0.9964    0.9978    0.9973    0.9961    0.9966    0.9956    0.9956    0.9951    0.9945    0.9945    0.9941    0.9947    0.9943    0.9948    0.9942    0.9948    0.9945    0.9950    0.9953    0.9959
  12    0.9955    0.9949    0.9966    0.9961    0.9967    0.9972    0.9970    0.9975    0.9971    0.9976    0.9976    0.9971    0.9974    0.9969    0.9969    0.9964    0.9963    0.9968    0.9965    0.9971    0.9972    0.9961    0.9972    0.9981    0.9967    0.9981    0.9980    0.9966    0.9958    0.9974    0.9968    0.9954    0.9960    0.9948    0.9948    0.9942    0.9935    0.9935    0.9930    0.9937    0.9932    0.9939    0.9931    0.9938    0.9934    0.9940    0.9944    0.9951
  13    0.9950    0.9944    0.9963    0.9957    0.9964    0.9969    0.9967    0.9973    0.9969    0.9974    0.9975    0.9969    0.9972    0.9966    0.9967    0.9961    0.9960    0.9966    0.9963    0.9972    0.9973    0.9959    0.9973    0.9985    0.9967    0.9984    0.9983    0.9966    0.9957    0.9977    0.9969    0.9951    0.9959    0.9944    0.9945    0.9937    0.9928    0.9928    0.9921    0.9930    0.9924    0.9932    0.9923    0.9931    0.9926    0.9934    0.9938    0.9946
  14    0.9956    0.9950    0.9969    0.9964    0.9970    0.9975    0.9973    0.9978    0.9974    0.9980    0.9980    0.9975    0.9977    0.9972    0.9973    0.9967    0.9966    0.9972    0.9969    0.9977    0.9979    0.9965    0.9978    0.9990    0.9973    0.9989    0.9988    0.9972    0.9963    0.9982    0.9975    0.9957    0.9965    0.9950    0.9951    0.9944    0.9935    0.9936    0.9929    0.9937    0.9931    0.9939    0.9931    0.9939    0.9934    0.9941    0.9945    0.9952
  15    0.9963    0.9958    0.9976    0.9970    0.9976    0.9981    0.9979    0.9984    0.9981    0.9986    0.9986    0.9981    0.9984    0.9979    0.9979    0.9974    0.9973    0.9978    0.9975    0.9983    0.9984    0.9972    0.9984    0.9995    0.9979    0.9995    0.9994    0.9978    0.9970    0.9988    0.9981    0.9964    0.9972    0.9958    0.9959    0.9952    0.9944    0.9944    0.9938    0.9945    0.9940    0.9947    0.9939    0.9947    0.9942    0.9949    0.9953    0.9960
  16    0.9963    0.9957    0.9976    0.9971    0.9977    0.9982    0.9980    0.9985    0.9981    0.9987    0.9987    0.9982    0.9984    0.9979    0.9979    0.9974    0.9973    0.9979    0.9975    0.9984    0.9985    0.9972    0.9985    0.9996    0.9979    0.9996    0.9995    0.9978    0.9970    0.9989    0.9982    0.9964    0.9972    0.9958    0.9958    0.9951    0.9943    0.9943    0.9937    0.9945    0.9939    0.9946    0.9938    0.9946    0.9941    0.9948    0.9953    0.9960
  17    0.9964    0.9958    0.9978    0.9972    0.9978    0.9984    0.9981    0.9987    0.9983    0.9989    0.9989    0.9984    0.9986    0.9981    0.9981    0.9976    0.9974    0.9980    0.9977    0.9986    0.9987    0.9973    0.9987    0.9999    0.9981    0.9998    0.9997    0.9980    0.9971    0.9991    0.9983    0.9965    0.9973    0.9958    0.9959    0.9951    0.9942    0.9942    0.9936    0.9944    0.9938    0.9946    0.9937    0.9946    0.9941    0.9948    0.9953    0.9960
  18    0.9964    0.9958    0.9978    0.9972    0.9978    0.9984    0.9982    0.9987    0.9983    0.9989    0.9989    0.9984    0.9986    0.9981    0.9981    0.9976    0.9974    0.9980    0.9977    0.9986    0.9987    0.9973    0.9987    0.9999    0.9981    0.9998    0.9997    0.9980    0.9971    0.9991    0.9983    0.9965    0.9973    0.9958    0.9959    0.9951    0.9942    0.9942    0.9936    0.9944    0.9938    0.9946    0.9937    0.9946    0.9941    0.9948    0.9953    0.9960
  19    0.9957    0.9950    0.9971    0.9965    0.9971    0.9977    0.9975    0.9980    0.9976    0.9982    0.9983    0.9977    0.9980    0.9974    0.9974    0.9969    0.9967    0.9974    0.9970    0.9979    0.9981    0.9966    0.9981    0.9994    0.9975    0.9993    0.9992    0.9974    0.9964    0.9985    0.9977    0.9958    0.9966    0.9951    0.9952    0.9944    0.9934    0.9934    0.9927    0.9936    0.9930    0.9938    0.9929    0.9938    0.9933    0.9940    0.9945    0.9953
  20    0.9952    0.9945    0.9966    0.9960    0.9967    0.9973    0.9970    0.9976    0.9972    0.9978    0.9978    0.9972    0.9975    0.9969    0.9970    0.9964    0.9963    0.9969    0.9966    0.9975    0.9977    0.9962    0.9977    0.9990    0.9971    0.9989    0.9988    0.9970    0.9960    0.9982    0.9974    0.9954    0.9962    0.9946    0.9947    0.9939    0.9929    0.9929    0.9922    0.9931    0.9924    0.9933    0.9924    0.9933    0.9927    0.9935    0.9940    0.9948
  21    0.9944    0.9937    0.9959    0.9952    0.9959    0.9966    0.9963    0.9969    0.9965    0.9971    0.9971    0.9965    0.9968    0.9962    0.9963    0.9957    0.9956    0.9962    0.9959    0.9969    0.9971    0.9955    0.9971    0.9984    0.9964    0.9984    0.9983    0.9963    0.9953    0.9976    0.9967    0.9946    0.9955    0.9938    0.9939    0.9931    0.9921    0.9921    0.9913    0.9923    0.9916    0.9925    0.9915    0.9924    0.9919    0.9927    0.9932    0.9940
  22    0.9944    0.9937    0.9959    0.9952    0.9959    0.9965    0.9963    0.9969    0.9965    0.9971    0.9971    0.9965    0.9968    0.9962    0.9962    0.9956    0.9955    0.9962    0.9959    0.9969    0.9971    0.9955    0.9971    0.9984    0.9964    0.9984    0.9983    0.9963    0.9953    0.9976    0.9967    0.9946    0.9955    0.9938    0.9939    0.9931    0.9920    0.9921    0.9913    0.9922    0.9915    0.9924    0.9915    0.9924    0.9918    0.9927    0.9931    0.9940
  23    0.9940    0.9933    0.9955    0.9948    0.9955    0.9962    0.9959    0.9966    0.9961    0.9968    0.9968    0.9961    0.9965    0.9958    0.9959    0.9953    0.9952    0.9959    0.9955    0.9966    0.9968    0.9952    0.9968    0.9983    0.9961    0.9982    0.9981    0.9960    0.9950    0.9974    0.9965    0.9943    0.9952    0.9934    0.9935    0.9927    0.9915    0.9916    0.9908    0.9917    0.9910    0.9920    0.9910    0.9919    0.9914    0.9922    0.9927    0.9935
  24    0.9930    0.9923    0.9947    0.9940    0.9947    0.9954    0.9951    0.9958    0.9953    0.9960    0.9960    0.9954    0.9957    0.9950    0.9951    0.9944    0.9944    0.9951    0.9948    0.9960    0.9963    0.9945    0.9963    0.9979    0.9956    0.9979    0.9978    0.9955    0.9943    0.9970    0.9960    0.9935    0.9946    0.9926    0.9927    0.9917    0.9905    0.9906    0.9897    0.9907    0.9900    0.9909    0.9899    0.9909    0.9903    0.9912    0.9917    0.9926
  25    0.9912    0.9904    0.9930    0.9922    0.9931    0.9938    0.9935    0.9943    0.9937    0.9945    0.9945    0.9938    0.9941    0.9934    0.9934    0.9927    0.9926    0.9933    0.9929    0.9940    0.9942    0.9924    0.9943    0.9959    0.9935    0.9958    0.9956    0.9934    0.9921    0.9948    0.9938    0.9914    0.9924    0.9904    0.9905    0.9896    0.9883    0.9884    0.9875    0.9886    0.9878    0.9889    0.9877    0.9888    0.9881    0.9891    0.9897    0.9907
  26    0.9904    0.9896    0.9923    0.9915    0.9924    0.9931    0.9929    0.9936    0.9931    0.9939    0.9939    0.9931    0.9935    0.9927    0.9928    0.9920    0.9918    0.9926    0.9921    0.9932    0.9934    0.9915    0.9934    0.9950    0.9926    0.9949    0.9947    0.9925    0.9912    0.9939    0.9929    0.9905    0.9915    0.9895    0.9896    0.9887    0.9874    0.9874    0.9866    0.9877    0.9869    0.9880    0.9868    0.9880    0.9873    0.9883    0.9889    0.9900
  27    0.9900    0.9891    0.9919    0.9911    0.9920    0.9928    0.9925    0.9933    0.9927    0.9935    0.9936    0.9928    0.9932    0.9924    0.9924    0.9916    0.9914    0.9922    0.9916    0.9928    0.9929    0.9910    0.9930    0.9945    0.9922    0.9944    0.9943    0.9920    0.9907    0.9934    0.9924    0.9900    0.9910    0.9890    0.9891    0.9882    0.9870    0.9869    0.9861    0.9873    0.9864    0.9875    0.9863    0.9875    0.9868    0.9878    0.9885    0.9895
  28    1.0000    1.0000    1.0000    1.0000    1.0000    1.0000    1.0000    1.0000    1.0000    1.0000    1.0000    1.0000    1.0000    1.0000    1.0000    1.0000    1.0000    1.0000    1.0000    1.0000    1.0000    1.0000    1.0000    1.0000    1.0000    1.0000    1.0000    1.0000    1.0000    1.0000    1.0000    1.0000    1.0000    1.0000    1.0000    1.0000    1.0000    1.0000    1.0000    1.0000    1.0000    1.0000    1.0000    1.0000    1.0000    1.0000    1.0000    1.0000
  29    0.9999    0.9999    0.9999    0.9999    0.9999    0.9999    0.9999    0.9999    0.9999    0.9999    0.9999    0.9999    0.9999    0.9999    0.9999    0.9999    0.9999    0.9999    0.9999    0.9999    0.9999    0.9999    0.9999    0.9999    0.9999    0.9999    0.9999    0.9999    0.9999    0.9999    0.9999    0.9999    0.9999    0.9999    0.9999    0.9999    0.9999    0.9999    0.9999    0.9999    0.9999    0.9999    0.9999    0.9999    0.9999    0.9999    0.9999    0.9999
  30    0.9998    0.9998    0.9999    0.9999    0.9999    0.9999    0.9999    0.9999    0.9999    0.9999    0.9999    0.9999    0.9999    0.9999    0.9999    0.9999    0.9999    0.9999    0.9998    0.9998    0.9998    0.9998    0.9998    0.9998    0.9998    0.9998    0.9998    0.9998    0.9998    0.9998    0.9998    0.9998    0.9998    0.9998    0.9998    0.9998    0.9998    0.9998    0.9998    0.9998    0.9998    0.9998    0.9998    0.9998    0.9998    0.9998    0.9998    0.9998
  31    0.9998    0.9998    0.9998    0.9998    0.9998    0.9999    0.9999    0.9999    0.9999    0.9999    0.9999    0.9999    0.9999    0.9999    0.9999    0.9998    0.9998    0.9998    0.9998    0.9998    0.9998    0.9998    0.9998    0.9998    0.9998    0.9998    0.9998    0.9998    0.9998    0.9998    0.9998    0.9998    0.9998    0.9998    0.9998    0.9998    0.9998    0.9998    0.9998    0.9998    0.9998    0.9998    0.9998    0.9998    0.9998    0.9998    0.9998    0.9998
  32    0.9998    0.9997    0.9998    0.9998    0.9998    0.9998    0.9998    0.9998    0.9998    0.9998    0.9998    0.9998    0.9998    0.9998    0.9998    0.9998    0.9998    0.9998    0.9997    0.9997    0.9997    0.9997    0.9997    0.9997    0.9997    0.9997    0.9997    0.9997    0.9997    0.9997    0.9997    0.9997    0.9997    0.9997    0.9997    0.9997    0.9997    0.9997    0.9997    0.9997    0.9997    0.9997    0.9997    0.9997    0.9997    0.9997    0.9997    0.9997
  33    0.9996    0.9995    0.9996    0.9996    0.9996    0.9996    0.9996    0.9996    0.9996    0.9997    0.9997    0.9996    0.9996    0.9996    0.9996    0.9996    0.9996    0.9996    0.9996    0.9996    0.9995    0.9995    0.9995    0.9995    0.9995    0.9995    0.9995    0.9995    0.9995    0.9995    0.9995    0.9995    0.9995    0.9995    0.9995    0.9995    0.9995    0.9994    0.9994    0.9995    0.9995    0.9995    0.9994    0.9995    0.9995    0.9995    0.9995    0.9995
  34    0.9993    0.9993    0.9994    0.9994    0.9994    0.9994    0.9994    0.9995    0.9994    0.9995    0.9995    0.9994    0.9994    0.9994    0.9994    0.9994    0.9994    0.9994    0.9993    0.9993    0.9993    0.9993    0.9992    0.9992    0.9992    0.9992    0.9992    0.9992    0.9992    0.9992    0.9992    0.9992    0.9992    0.9992    0.9992    0.9992    0.9992    0.9991    0.9991    0.9992    0.9992    0.9992    0.9991    0.9992    0.9992    0.9992    0.9992    0.9993
  35    0.9993    0.9992    0.9994    0.9993    0.9994    0.9994    0.9994    0.9994    0.9994    0.9994    0.9994    0.9994    0.9994    0.9994    0.9994    0.9993    0.9993    0.9993    0.9993    0.9993    0.9992    0.9992    0.9992    0.9992    0.9992    0.9992    0.9992    0.9992    0.9991    0.9991    0.9991    0.9991    0.9991    0.9991    0.9991    0.9991    0.9991    0.9991    0.9991    0.9991    0.9991    0.9991    0.9991    0.9991    0.9991    0.9991    0.9992    0.9992
  36    0.9999    0.9999    0.9999    0.9999    0.9999    0.9999    0.9999    0.9999    0.9999    0.9999    0.9999    0.9999    0.9999    0.9999    0.9999    0.9999    0.9999    0.9999    0.9999    0.9999    0.9999    0.9999    0.9999    0.9999    0.9999    0.9999    0.9999    0.9999    0.9999    0.9999    0.9999    0.9999    0.9999    0.9999    0.9999    0.9999    0.9999    0.9999    0.9999    0.9999    0.9999    0.9999    0.9999    0.9999    0.9999    0.9999    0.9999    0.9999
  37    0.9989    0.9988    0.9991    0.9990    0.9991    0.9991    0.9991    0.9992    0.9991    0.9992    0.9992    0.9991    0.9992    0.9991    0.9991    0.9990    0.9989    0.9990    0.9989    0.9989    0.9988    0.9987    0.9989    0.9989    0.9988    0.9989    0.9989    0.9988    0.9987    0.9988    0.9988    0.9987    0.9987    0.9987    0.9986    0.9986    0.9986    0.9985    0.9985    0.9986    0.9986    0.9987    0.9986    0.9987    0.9986    0.9987    0.9988    0.9989
  38    0.9956    0.9952    0.9963    0.9960    0.9964    0.9967    0.9965    0.9969    0.9966    0.9970    0.9970    0.9967    0.9968    0.9965    0.9965    0.9962    0.9959    0.9959    0.9956    0.9956    0.9953    0.9951    0.9957    0.9958    0.9955    0.9957    0.9956    0.9954    0.9950    0.9953    0.9952    0.9950    0.9950    0.9948    0.9947    0.9946    0.9945    0.9943    0.9943    0.9948    0.9944    0.9949    0.9944    0.9948    0.9946    0.9950    0.9952    0.9957
  39    0.9950    0.9946    0.9959    0.9955    0.9959    0.9963    0.9962    0.9965    0.9963    0.9966    0.9967    0.9963    0.9965    0.9961    0.9961    0.9957    0.9954    0.9955    0.9950    0.9951    0.9948    0.9945    0.9952    0.9954    0.9950    0.9952    0.9951    0.9949    0.9944    0.9948    0.9947    0.9944    0.9945    0.9942    0.9941    0.9940    0.9938    0.9937    0.9936    0.9941    0.9937    0.9942    0.9937    0.9942    0.9939    0.9944    0.9947    0.9952
  40    0.9966    0.9963    0.9973    0.9970    0.9973    0.9976    0.9975    0.9978    0.9976    0.9979    0.9979    0.9976    0.9978    0.9975    0.9975    0.9972    0.9971    0.9973    0.9970    0.9973    0.9973    0.9967    0.9973    0.9977    0.9971    0.9977    0.9976    0.9970    0.9966    0.9973    0.9970    0.9964    0.9966    0.9961    0.9961    0.9959    0.9955    0.9955    0.9952    0.9957    0.9954    0.9958    0.9953    0.9958    0.9955    0.9959    0.9961    0.9965
  41    0.9966    0.9963    0.9973    0.9970    0.9973    0.9976    0.9975    0.9978    0.9976    0.9979    0.9979    0.9976    0.9977    0.9975    0.9975    0.9972    0.9971    0.9973    0.9970    0.9973    0.9973    0.9967    0.9973    0.9977    0.9971    0.9977    0.9976    0.9970    0.9966    0.9973    0.9970    0.9964    0.9966    0.9961    0.9961    0.9958    0.9955    0.9955    0.9952    0.9957    0.9953    0.9958    0.9953    0.9957    0.9955    0.9959    0.9961    0.9965
  42    0.9961    0.9957    0.9969    0.9965    0.9969    0.9972    0.9971    0.9974    0.9972    0.9975    0.9975    0.9972    0.9974    0.9971    0.9971    0.9968    0.9966    0.9968    0.9965    0.9969    0.9968    0.9962    0.9969    0.9974    0.9966    0.9973    0.9972    0.9965    0.9960    0.9969    0.9966    0.9958    0.9961    0.9955    0.9955    0.9952    0.9949    0.9948    0.9946    0.9950    0.9947    0.9951    0.9946    0.9951    0.9948    0.9953    0.9955    0.9960
  43    0.9956    0.9952    0.9965    0.9961    0.9965    0.9969    0.9967    0.9971    0.9968    0.9972    0.9972    0.9969    0.9970    0.9967    0.9967    0.9963    0.9961    0.9964    0.9961    0.9964    0.9963    0.9957    0.9965    0.9970    0.9962    0.9969    0.9968    0.9961    0.9955    0.9964    0.9961    0.9953    0.9956    0.9950    0.9950    0.9947    0.9943    0.9942    0.9940    0.9945    0.9941    0.9946    0.9940    0.9946    0.9943    0.9947    0.9950    0.9955
  44    0.9950    0.9946    0.9959    0.9955    0.9960    0.9964    0.9962    0.9966    0.9963    0.9968    0.9968    0.9964    0.9966    0.9962    0.9962    0.9958    0.9956    0.9958    0.9955    0.9959    0.9958    0.9951    0.9959    0.9965    0.9956    0.9964    0.9963    0.9955    0.9949    0.9959    0.9955    0.9947    0.9950    0.9943    0.9943    0.9940    0.9936    0.9935    0.9932    0.9938    0.9933    0.9939    0.9933    0.9939    0.9935    0.9940    0.9944    0.9949
  45    0.9944    0.9940    0.9955    0.9950    0.9955    0.9959    0.9958    0.9962    0.9959    0.9964    0.9964    0.9959    0.9961    0.9957    0.9957    0.9953    0.9951    0.9953    0.9949    0.9954    0.9952    0.9945    0.9954    0.9960    0.9951    0.9959    0.9958    0.9950    0.9943    0.9954    0.9950    0.9941    0.9945    0.9937    0.9937    0.9933    0.9929    0.9928    0.9925    0.9931    0.9926    0.9933    0.9926    0.9932    0.9928    0.9934    0.9938    0.9943
  46    0.9912    0.9905    0.9927    0.9921    0.9928    0.9934    0.9932    0.9938    0.9933    0.9940    0.9940    0.9934    0.9937    0.9931    0.9931    0.9925    0.9921    0.9925    0.9919    0.9925    0.9923    0.9912    0.9926    0.9935    0.9921    0.9933    0.9931    0.9920    0.9910    0.9925    0.9920    0.9907    0.9912    0.9901    0.9901    0.9896    0.9890    0.9888    0.9884    0.9893    0.9886    0.9895    0.9886    0.9895    0.9889    0.9898    0.9903    0.9911
  47    0.9896    0.9888    0.9914    0.9906    0.9914    0.9921    0.9919    0.9926    0.9921    0.9928    0.9929    0.9921    0.9925    0.9918    0.9918    0.9911    0.9906    0.9911    0.9904    0.9911    0.9908    0.9896    0.9913    0.9922    0.9907    0.9920    0.9918    0.9905    0.9894    0.9911    0.9905    0.9890    0.9896    0.9884    0.9884    0.9878    0.9871    0.9869    0.9864    0.9875    0.9867    0.9877    0.9866    0.9877    0.9870    0.9880    0.9886    0.9895
  48    0.9890    0.9881    0.9908    0.9900    0.9909    0.9917    0.9914    0.9921    0.9916    0.9924    0.9924    0.9917    0.9920    0.9913    0.9913    0.9905    0.9901    0.9905    0.9898    0.9905    0.9902    0.9890    0.9907    0.9917    0.9901    0.9915    0.9913    0.9899    0.9888    0.9905    0.9899    0.9884    0.9890    0.9877    0.9877    0.9871    0.9863    0.9861    0.9856    0.9867    0.9859    0.9870    0.9858    0.9870    0.9863    0.9873    0.9879    0.9889
  49    0.9872    0.9862    0.9893    0.9884    0.9894    0.9903    0.9899    0.9908    0.9902    0.9911    0.9911    0.9902    0.9907    0.9898    0.9898    0.9890    0.9885    0.9890    0.9883    0.9891    0.9888    0.9874    0.9893    0.9905    0.9886    0.9903    0.9901    0.9884    0.9871    0.9892    0.9884    0.9866    0.9873    0.9858    0.9858    0.9851    0.9841    0.9839    0.9833    0.9846    0.9836    0.9849    0.9835    0.9848    0.9841    0.9852    0.9859    0.9871
  50    0.9850    0.9838    0.9874    0.9864    0.9875    0.9886    0.9882    0.9892    0.9885    0.9896    0.9896    0.9886    0.9890    0.9880    0.9881    0.9871    0.9865    0.9872    0.9863    0.9873    0.9871    0.9853    0.9877    0.9892    0.9869    0.9889    0.9886    0.9866    0.9850    0.9876    0.9867    0.9844    0.9853    0.9834    0.9835    0.9826    0.9814    0.9812    0.9804    0.9819    0.9808    0.9823    0.9807    0.9822    0.9813    0.9827    0.9835    0.9849
  51    0.9850    0.9839    0.9875    0.9864    0.9876    0.9886    0.9882    0.9892    0.9885    0.9896    0.9896    0.9886    0.9891    0.9881    0.9881    0.9871    0.9865    0.9872    0.9863    0.9874    0.9871    0.9853    0.9877    0.9892    0.9869    0.9889    0.9887    0.9866    0.9851    0.9877    0.9867    0.9844    0.9854    0.9834    0.9835    0.9826    0.9814    0.9812    0.9804    0.9820    0.9808    0.9823    0.9807    0.9823    0.9813    0.9827    0.9835    0.9849
  52    0.9851    0.9840    0.9876    0.9865    0.9877    0.9887    0.9883    0.9893    0.9886    0.9896    0.9897    0.9887    0.9891    0.9881    0.9882    0.9872    0.9866    0.9873    0.9864    0.9875    0.9872    0.9855    0.9878    0.9893    0.9870    0.9890    0.9888    0.9867    0.9851    0.9878    0.9868    0.9845    0.9855    0.9835    0.9836    0.9827    0.9815    0.9813    0.9805    0.9820    0.9809    0.9824    0.9808    0.9823    0.9814    0.9828    0.9836    0.9849
  53    0.9855    0.9844    0.9879    0.9869    0.9880    0.9890    0.9887    0.9896    0.9889    0.9900    0.9900    0.9890    0.9895    0.9885    0.9885    0.9876    0.9871    0.9878    0.9869    0.9880    0.9878    0.9860    0.9882    0.9897    0.9873    0.9894    0.9892    0.9871    0.9855    0.9882    0.9872    0.9849    0.9859    0.9839    0.9840    0.9830    0.9819    0.9817    0.9809    0.9824    0.9813    0.9827    0.9811    0.9827    0.9818    0.9831    0.9839    0.9852
  54    0.9876    0.9866    0.9898    0.9889    0.9899    0.9908    0.9905    0.9914    0.9907    0.9917    0.9917    0.9908    0.9912    0.9903    0.9904    0.9895    0.9891    0.9898    0.9891    0.9902    0.9902    0.9884    0.9904    0.9920    0.9896    0.9918    0.9916    0.9894    0.9880    0.9906    0.9896    0.9873    0.9883    0.9863    0.9864    0.9854    0.9842    0.9841    0.9833    0.9846    0.9836    0.9849    0.9835    0.9849    0.9841    0.9853    0.9860    0.9872
  55    0.9961    0.9956    0.9971    0.9966    0.9971    0.9975    0.9974    0.9978    0.9975    0.9979    0.9979    0.9975    0.9977    0.9973    0.9973    0.9969    0.9968    0.9972    0.9969    0.9975    0.9975    0.9966    0.9975    0.9983    0.9971    0.9982    0.9982    0.9970    0.9964    0.9977    0.9972    0.9960    0.9965    0.9955    0.9956    0.9951    0.9945    0.9945    0.9940    0.9947    0.9942    0.9948    0.9942    0.9948    0.9944    0.9949    0.9953    0.9958
  56    0.9961    0.9956    0.9971    0.9966    0.9971    0.9975    0.9974    0.9978    0.9975    0.9979    0.9979    0.9975    0.9977    0.9973    0.9973    0.9969    0.9968    0.9972    0.9969    0.9975    0.9975    0.9966    0.9975    0.9983    0.9971    0.9982    0.9982    0.9970    0.9964    0.9977    0.9972    0.9960    0.9965    0.9955    0.9956    0.9951    0.9945    0.9945    0.9940    0.9947    0.9942    0.9948    0.9942    0.9948    0.9944    0.9949    0.9953    0.9958
  57    0.9952    0.9947    0.9964    0.9959    0.9965    0.9970    0.9968    0.9973    0.9969    0.9974    0.9974    0.9969    0.9972    0.9967    0.9967    0.9962    0.9961    0.9965    0.9962    0.9969    0.9970    0.9958    0.9969    0.9979    0.9964    0.9978    0.9977    0.9963    0.9955    0.9971    0.9965    0.9951    0.9957    0.9945    0.9945    0.9939    0.9932    0.9932    0.9927    0.9934    0.9929    0.9936    0.9928    0.9936    0.9931    0.9938    0.9942    0.9948
  58    0.9952    0.9947    0.9964    0.9959    0.9965    0.9970    0.9968    0.9973    0.9969    0.9974    0.9974    0.9969    0.9972    0.9967    0.9967    0.9962    0.9961    0.9965    0.9962    0.9969    0.9970    0.9958    0.9969    0.9979    0.9964    0.9978    0.9977    0.9963    0.9955    0.9971    0.9965    0.9951    0.9957    0.9945    0.9945    0.9939    0.9932    0.9932    0.9927    0.9934    0.9929    0.9936    0.9928    0.9936    0.9931    0.9938    0.9942    0.9948
  59    1.0000    1.0000    1.0000    1.0000    1.0000    1.0000    1.0000    1.0000    1.0000    1.0000    1.0000    1.0000    1.0000    1.0000    1.0000    1.0000    1.0000    1.0000    1.0000    1.0000    1.0000    1.0000    1.0000    1.0000    1.0000    1.0000    1.0000    1.0000    1.0000    1.0000    1.0000    1.0000    1.0000    1.0000    1.0000    1.0000    1.0000    1.0000    1.0000    1.0000    1.0000    1.0000    1.0000    1.0000    1.0000    1.0000    1.0000    1.0000
  60    1.0002    1.0002    1.0003    1.0003    1.0003    1.0003    1.0003    1.0004    1.0003    1.0004    1.0004    1.0003    1.0004    1.0003    1.0003    1.0003    1.0003    1.0003    1.0003    1.0003    1.0003    1.0002    1.0003    1.0004    1.0003    1.0003    1.0003    1.0003    1.0002    1.0003    1.0003    1.0002    1.0002    1.0002    1.0002    1.0001    1.0001    1.0001    1.0001    1.0001    1.0001    1.0001    1.0001    1.0001    1.0001    1.0002    1.0002    1.0002
  61    1.0001    1.0001    1.0003    1.0002    1.0003    1.0004    1.0003    1.0004    1.0004    1.0004    1.0004    1.0004    1.0004    1.0003    1.0003    1.0003    1.0003    1.0003    1.0003    1.0003    1.0003    1.0002    1.0004    1.0005    1.0003    1.0005    1.0005    1.0003    1.0002    1.0004    1.0003    1.0001    1.0002    1.0001    1.0001    1.0000    0.9999    0.9999    0.9998    0.9999    0.9999    1.0000    0.9999    1.0000    0.9999    1.0000    1.0000    1.0001
  62    1.0001    1.0000    1.0002    1.0001    1.0002    1.0003    1.0003    1.0003    1.0003    1.0004    1.0004    1.0003    1.0003    1.0003    1.0003    1.0002    1.0002    1.0002    1.0002    1.0003    1.0003    1.0001    1.0003    1.0004    1.0002    1.0004    1.0004    1.0002    1.0001    1.0003    1.0003    1.0000    1.0001    1.0000    1.0000    0.9999    0.9998    0.9998    0.9997    0.9998    0.9997    0.9998    0.9997    0.9998    0.9998    0.9999    0.9999    1.0000
  63    1.0000    1.0000    1.0002    1.0001    1.0002    1.0003    1.0003    1.0003    1.0003    1.0004    1.0004    1.0003    1.0003    1.0003    1.0003    1.0002    1.0002    1.0002    1.0002    1.0003    1.0003    1.0001    1.0003    1.0004    1.0002    1.0004    1.0004    1.0002    1.0001    1.0003    1.0002    1.0000    1.0001    1.0000    1.0000    0.9999    0.9998    0.9998    0.9997    0.9998    0.9997    0.9998    0.9997    0.9998    0.9998    0.9999    0.9999    1.0000
  64    0.9980    0.9977    0.9987    0.9984    0.9987    0.9990    0.9989    0.9991    0.9989    0.9992    0.9992    0.9990    0.9991    0.9988    0.9988    0.9986    0.9985    0.9988    0.9987    0.9991    0.9992    0.9985    0.9992    0.9998    0.9989    0.9998    0.9998    0.9989    0.9984    0.9995    0.9991    0.9981    0.9985    0.9978    0.9978    0.9975    0.9970    0.9970    0.9967    0.9971    0.9968    0.9972    0.9967    0.9972    0.9969    0.9973    0.9975    0.9979
  65    0.9972    0.9968    0.9980    0.9976    0.9981    0.9984    0.9983    0.9986    0.9984    0.9987    0.9988    0.9984    0.9986    0.9982    0.9982    0.9979    0.9978    0.9982    0.9980    0.9986    0.9988    0.9978    0.9988    0.9996    0.9984    0.9996    0.9995    0.9983    0.9977    0.9991    0.9986    0.9973    0.9979    0.9969    0.9969    0.9964    0.9958    0.9958    0.9954    0.9959    0.9955    0.9961    0.9955    0.9960    0.9957    0.9962    0.9965    0.9969
  66    0.9971    0.9966    0.9979    0.9975    0.9980    0.9983    0.9982    0.9986    0.9983    0.9987    0.9987    0.9983    0.9985    0.9981    0.9982    0.9978    0.9977    0.9982    0.9980    0.9986    0.9987    0.9977    0.9987    0.9996    0.9983    0.9995    0.9995    0.9983    0.9976    0.9990    0.9985    0.9972    0.9978    0.9968    0.9968    0.9963    0.9957    0.9957    0.9952    0.9958    0.9954    0.9959    0.9953    0.9959    0.9956    0.9960    0.9963    0.9968
  67    0.9970    0.9966    0.9979    0.9975    0.9980    0.9983    0.9982    0.9986    0.9983    0.9987    0.9987    0.9983    0.9985    0.9981    0.9982    0.9978    0.9977    0.9982    0.9980    0.9986    0.9987    0.9977    0.9987    0.9996    0.9983    0.9995    0.9995    0.9983    0.9976    0.9990    0.9985    0.9972    0.9978    0.9967    0.9968    0.9963    0.9956    0.9957    0.9952    0.9958    0.9954    0.9959    0.9953    0.9959    0.9955    0.9960    0.9963    0.9968
  68    0.9970    0.9965    0.9979    0.9975    0.9979    0.9983    0.9982    0.9986    0.9983    0.9987    0.9987    0.9983    0.9985    0.9981    0.9981    0.9978    0.9977    0.9981    0.9979    0.9985    0.9986    0.9976    0.9987    0.9995    0.9983    0.9995    0.9994    0.9982    0.9975    0.9990    0.9984    0.9971    0.9977    0.9966    0.9967    0.9961    0.9955    0.9955    0.9950    0.9956    0.9952    0.9957    0.9951    0.9957    0.9954    0.9959    0.9962    0.9967
  69    0.9970    0.9965    0.9979    0.9975    0.9979    0.9983    0.9982    0.9986    0.9983    0.9987    0.9987    0.9983    0.9985    0.9981    0.9981    0.9978    0.9977    0.9981    0.9979    0.9985    0.9986    0.9976    0.9987    0.9995    0.9983    0.9995    0.9994    0.9982    0.9975    0.9990    0.9984    0.9971    0.9977    0.9966    0.9967    0.9961    0.9955    0.9955    0.9950    0.9956    0.9952    0.9957    0.9951    0.9957    0.9954    0.9959    0.9962    0.9967

Ano =    2

   1    1.0000    1.0000    1.0000    1.0000    1.0000    1.0000    1.0000    1.0000    1.0000    1.0000    1.0000    1.0000    1.0000    1.0000    1.0000    1.0000    1.0000    1.0000    1.0000    1.0000    1.0000    1.0000    1.0000    1.0000    1.0000    1.0000    1.0000    1.0000    1.0000    1.0000    1.0000    1.0000    1.0000    1.0000    1.0000    1.0000    1.0000    1.0000    1.0000    1.0000    1.0000    1.0000    1.0000    1.0000    1.0000    1.0000    1.0000    1.0000
   2    1.0000    1.0000    1.0000    1.0000    1.0000    1.0000    1.0000    1.0000    1.0000    1.0000    1.0000    1.0000    1.0000    1.0000    1.0000    1.0000    1.0000    1.0000    1.0000    1.0000    1.0000    1.0000    1.0000    1.0000    1.0000    1.0000    1.0000    1.0000    1.0000    1.0000    1.0000    1.0000    1.0000    1.0000    1.0000    1.0000    1.0000    1.0000    1.0000    1.0000    1.0000    1.0000    1.0000    1.0000    1.0000    1.0000    1.0000    1.0000
   3    1.0000    1.0000    1.0000    1.0000    1.0000    1.0000    1.0000    1.0000    1.0000    1.0000    1.0000    1.0000    1.0000    1.0000    1.0000    1.0000    1.0000    1.0000    1.0000    1.0000    1.0000    1.0000    1.0000    1.0000    1.0000    1.0000    1.0000    1.0000    1.0000    1.0000    1.0000    1.0000    1.0000    1.0000    1.0000    1.0000    1.0000    1.0000    1.0000    1.0000    1.0000    1.0000    1.0000    1.0000    1.0000    1.0000    1.0000    1.0000
   4    1.0000    1.0000    1.0000    1.0000    1.0000    1.0000    1.0000    1.0000    1.0000    1.0000    1.0000    1.0000    1.0000    1.0000    1.0000    1.0000    1.0000    1.0000    1.0000    1.0000    1.0000    1.0000    1.0000    1.0000    1.0000    1.0000    1.0000    1.0000    0.9999    1.0000    1.0000    0.9999    1.0000    0.9999    0.9999    0.9999    0.9999    0.9999    0.9999    0.9999    0.9999    0.9999    0.9999    0.9999    0.9999    0.9999    1.0000    1.0000
   5    0.9998    0.9998    0.9999    0.9999    0.9999    0.9999    0.9999    0.9999    0.9999    0.9999    0.9999    0.9999    0.9999    0.9999    0.9999    0.9999    0.9999    0.9999    0.9999    0.9999    0.9999    0.9998    0.9999    0.9999    0.9999    0.9999    0.9999    0.9998    0.9998    0.9999    0.9998    0.9998    0.9998    0.9998    0.9998    0.9998    0.9998    0.9998    0.9998    0.9998    0.9998    0.9998    0.9998    0.9998    0.9998    0.9998    0.9998    0.9998
   6    0.9983    0.9981    0.9986    0.9985    0.9986    0.9988    0.9987    0.9989    0.9988    0.9989    0.9989    0.9988    0.9988    0.9987    0.9987    0.9986    0.9985    0.9986    0.9985    0.9986    0.9986    0.9983    0.9986    0.9988    0.9985    0.9987    0.9987    0.9984    0.9982    0.9986    0.9984    0.9981    0.9983    0.9980    0.9980    0.9979    0.9977    0.9977    0.9976    0.9978    0.9977    0.9979    0.9976    0.9978    0.9977    0.9979    0.9980    0.9982
   7    0.9967    0.9964    0.9973    0.9970    0.9973    0.9976    0.9975    0.9978    0.9976    0.9979    0.9979    0.9976    0.9977    0.9975    0.9975    0.9972    0.9971    0.9972    0.9970    0.9973    0.9972    0.9967    0.9972    0.9976    0.9970    0.9975    0.9975    0.9969    0.9965    0.9972    0.9970    0.9964    0.9966    0.9961    0.9961    0.9959    0.9956    0.9956    0.9953    0.9957    0.9955    0.9958    0.9954    0.9958    0.9956    0.9959    0.9962    0.9965
   8    0.9963    0.9960    0.9970    0.9967    0.9971    0.9973    0.9972    0.9975    0.9973    0.9976    0.9976    0.9973    0.9975    0.9972    0.9972    0.9969    0.9968    0.9970    0.9967    0.9970    0.9969    0.9964    0.9969    0.9974    0.9967    0.9973    0.9972    0.9966    0.9962    0.9969    0.9966    0.9960    0.9963    0.9957    0.9957    0.9955    0.9951    0.9951    0.9948    0.9953    0.9950    0.9954    0.9949    0.9954    0.9951    0.9955    0.9957    0.9961
   9    0.9961    0.9958    0.9969    0.9966    0.9969    0.9972    0.9971    0.9974    0.9972    0.9975    0.9975    0.9972    0.9974    0.9971    0.9971    0.9968    0.9966    0.9968    0.9966    0.9969    0.9968    0.9962    0.9968    0.9973    0.9966    0.9972    0.9971    0.9965    0.9960    0.9968    0.9965    0.9958    0.9961    0.9955    0.9955    0.9953    0.9949    0.9948    0.9946    0.9951    0.9947    0.9952    0.9947    0.9952    0.9949    0.9953    0.9955    0.9960
  10    0.9957    0.9953    0.9967    0.9963    0.9967    0.9971    0.9970    0.9974    0.9971    0.9975    0.9975    0.9971    0.9973    0.9969    0.9969    0.9965    0.9964    0.9967    0.9964    0.9970    0.9970    0.9961    0.9969    0.9977    0.9966    0.9976    0.9975    0.9965    0.9958    0.9971    0.9966    0.9955    0.9960    0.9950    0.9951    0.9946    0.9941    0.9940    0.9936    0.9943    0.9938    0.9944    0.9937    0.9944    0.9940    0.9945    0.9949    0.9954
  11    0.9956    0.9952    0.9967    0.9962    0.9967    0.9971    0.9970    0.9974    0.9971    0.9975    0.9975    0.9971    0.9973    0.9969    0.9969    0.9965    0.9964    0.9967    0.9964    0.9970    0.9970    0.9961    0.9970    0.9978    0.9966    0.9977    0.9976    0.9965    0.9958    0.9972    0.9967    0.9955    0.9960    0.9950    0.9950    0.9945    0.9939    0.9939    0.9935    0.9941    0.9936    0.9942    0.9936    0.9942    0.9938    0.9944    0.9948    0.9953
  12    0.9949    0.9943    0.9961    0.9956    0.9961    0.9966    0.9965    0.9970    0.9966    0.9971    0.9971    0.9966    0.9969    0.9964    0.9964    0.9959    0.9957    0.9962    0.9958    0.9965    0.9966    0.9954    0.9965    0.9975    0.9960    0.9974    0.9973    0.9959    0.9951    0.9967    0.9961    0.9946    0.9952    0.9940    0.9941    0.9935    0.9928    0.9927    0.9922    0.9930    0.9924    0.9931    0.9923    0.9931    0.9926    0.9933    0.9937    0.9944
  13    0.9943    0.9937    0.9957    0.9951    0.9958    0.9963    0.9961    0.9967    0.9963    0.9969    0.9969    0.9963    0.9966    0.9960    0.9961    0.9955    0.9954    0.9959    0.9956    0.9965    0.9966    0.9952    0.9965    0.9977    0.9959    0.9976    0.9975    0.9958    0.9948    0.9969    0.9961    0.9943    0.9950    0.9935    0.9936    0.9929    0.9919    0.9919    0.9913    0.9921    0.9915    0.9923    0.9914    0.9923    0.9918    0.9926    0.9930    0.9938
  14    0.9950    0.9944    0.9963    0.9957    0.9964    0.9969    0.9967    0.9973    0.9969    0.9975    0.9975    0.9969    0.9972    0.9966    0.9967    0.9961    0.9960    0.9965    0.9962    0.9970    0.9971    0.9958    0.9971    0.9982    0.9965    0.9982    0.9980    0.9964    0.9955    0.9974    0.9967    0.9949    0.9957    0.9942    0.9943    0.9936    0.9927    0.9927    0.9921    0.9929    0.9923    0.9931    0.9922    0.9931    0.9926    0.9933    0.9938    0.9945
  15    0.9957    0.9951    0.9970    0.9964    0.9971    0.9976    0.9974    0.9979    0.9975    0.9981    0.9981    0.9976    0.9979    0.9973    0.9974    0.9968    0.9967    0.9972    0.9969    0.9977    0.9978    0.9965    0.9977    0.9988    0.9972    0.9987    0.9986    0.9971    0.9962    0.9980    0.9974    0.9957    0.9964    0.9950    0.9951    0.9944    0.9936    0.9936    0.9930    0.9938    0.9932    0.9939    0.9931    0.9939    0.9934    0.9942    0.9946    0.9953
  16    0.9957    0.9951    0.9970    0.9964    0.9971    0.9976    0.9974    0.9980    0.9976    0.9982    0.9982    0.9976    0.9979    0.9973    0.9974    0.9968    0.9967    0.9972    0.9969    0.9977    0.9978    0.9965    0.9977    0.9989    0.9972    0.9988    0.9987    0.9971    0.9961    0.9981    0.9974    0.9956    0.9964    0.9949    0.9950    0.9943    0.9934    0.9934    0.9928    0.9937    0.9930    0.9938    0.9930    0.9938    0.9933    0.9941    0.9945    0.9953
  17    0.9957    0.9951    0.9971    0.9965    0.9972    0.9978    0.9976    0.9981    0.9977    0.9983    0.9984    0.9978    0.9981    0.9975    0.9975    0.9969    0.9968    0.9974    0.9970    0.9978    0.9980    0.9966    0.9979    0.9991    0.9973    0.9990    0.9989    0.9972    0.9962    0.9983    0.9975    0.9957    0.9964    0.9949    0.9950    0.9943    0.9934    0.9934    0.9927    0.9936    0.9929    0.9938    0.9928    0.9937    0.9932    0.9940    0.9945    0.9953
  18    0.9957    0.9951    0.9971    0.9965    0.9972    0.9978    0.9976    0.9982    0.9977    0.9983    0.9984    0.9978    0.9981    0.9975    0.9975    0.9969    0.9968    0.9974    0.9970    0.9979    0.9980    0.9966    0.9979    0.9991    0.9973    0.9990    0.9989    0.9972    0.9962    0.9983    0.9975    0.9957    0.9964    0.9949    0.9950    0.9943    0.9934    0.9934    0.9927    0.9936    0.9929    0.9938    0.9928    0.9937    0.9932    0.9940    0.9945    0.9953
  19    0.9950    0.9943    0.9964    0.9958    0.9965    0.9971    0.9969    0.9975    0.9970    0.9977    0.9977    0.9971    0.9974    0.9968    0.9968    0.9962    0.9961    0.9967    0.9963    0.9972    0.9973    0.9959    0.9973    0.9985    0.9967    0.9985    0.9983    0.9965    0.9955    0.9977    0.9969    0.9949    0.9958    0.9942    0.9943    0.9935    0.9925    0.9925    0.9918    0.9927    0.9921    0.9930    0.9920    0.9929    0.9924    0.9932    0.9937    0.9945
  20    0.9945    0.9938    0.9960    0.9953    0.9960    0.9966    0.9964    0.9970    0.9966    0.9972    0.9972    0.9966    0.9969    0.9963    0.9964    0.9957    0.9956    0.9962    0.9958    0.9968    0.9969    0.9954    0.9969    0.9982    0.9962    0.9981    0.9980    0.9961    0.9951    0.9973    0.9965    0.9945    0.9953    0.9937    0.9938    0.9930    0.9920    0.9920    0.9913    0.9922    0.9915    0.9924    0.9914    0.9924    0.9918    0.9927    0.9932    0.9940
  21    0.9937    0.9930    0.9952    0.9945    0.9953    0.9959    0.9957    0.9963    0.9959    0.9965    0.9965    0.9959    0.9962    0.9956    0.9956    0.9950    0.9948    0.9955    0.9951    0.9961    0.9963    0.9947    0.9962    0.9976    0.9955    0.9975    0.9974    0.9954    0.9944    0.9967    0.9958    0.9937    0.9946    0.9929    0.9930    0.9922    0.9911    0.9911    0.9904    0.9914    0.9906    0.9916    0.9906    0.9915    0.9910    0.9918    0.9923    0.9932
  22    0.9936    0.9929    0.9952    0.9945    0.9952    0.9959    0.9956    0.9963    0.9958    0.9965    0.9965    0.9959    0.9962    0.9955    0.9956    0.9950    0.9948    0.9955    0.9951    0.9961    0.9962    0.9946    0.9962    0.9976    0.9955    0.9975    0.9974    0.9954    0.9943    0.9966    0.9958    0.9937    0.9946    0.9929    0.9930    0.9921    0.9911    0.9911    0.9903    0.9913    0.9906    0.9915    0.9905    0.9915    0.9909    0.9918    0.9923    0.9932
  23    0.9932    0.9924    0.9948    0.9941    0.9948    0.9955    0.9953    0.9959    0.9954    0.9961    0.9962    0.9955    0.9958    0.9952    0.9952    0.9946    0.9944    0.9951    0.9947    0.9958    0.9960    0.9943    0.9959    0.9974    0.9952    0.9973    0.9972    0.9951    0.9940    0.9964    0.9955    0.9933    0.9943    0.9925    0.9926    0.9917    0.9906    0.9906    0.9898    0.9908    0.9901    0.9910    0.9900    0.9910    0.9904    0.9913    0.9918    0.9927
  24    0.9922    0.9914    0.9939    0.9932    0.9940    0.9947    0.9944    0.9951    0.9946    0.9954    0.9954    0.9947    0.9950    0.9943    0.9944    0.9937    0.9936    0.9944    0.9940    0.9952    0.9954    0.9936    0.9954    0.9970    0.9946    0.9969    0.9968    0.9945    0.9933    0.9960    0.9950    0.9925    0.9936    0.9916    0.9917    0.9907    0.9895    0.9896    0.9887    0.9897    0.9889    0.9900    0.9888    0.9899    0.9893    0.9902    0.9908    0.9917
  25    0.9903    0.9894    0.9922    0.9913    0.9922    0.9930    0.9927    0.9935    0.9930    0.9938    0.9938    0.9930    0.9934    0.9926    0.9927    0.9919    0.9917    0.9924    0.9919    0.9931    0.9932    0.9914    0.9932    0.9948    0.9924    0.9947    0.9946    0.9923    0.9910    0.9937    0.9927    0.9903    0.9913    0.9893    0.9894    0.9884    0.9872    0.9872    0.9863    0.9875    0.9866    0.9878    0.9865    0.9877    0.9870    0.9881    0.9887    0.9897
  26    0.9895    0.9886    0.9914    0.9906    0.9915    0.9923    0.9920    0.9929    0.9923    0.9931    0.9931    0.9923    0.9927    0.9919    0.9920    0.9912    0.9909    0.9917    0.9911    0.9922    0.9923    0.9905    0.9923    0.9939    0.9915    0.9938    0.9936    0.9914    0.9900    0.9927    0.9917    0.9893    0.9903    0.9883    0.9884    0.9875    0.9863    0.9862    0.9854    0.9866    0.9857    0.9869    0.9856    0.9868    0.9861    0.9872    0.9878    0.9889
  27    0.9890    0.9881    0.9911    0.9902    0.9911    0.9920    0.9917    0.9925    0.9919    0.9928    0.9928    0.9920    0.9924    0.9915    0.9916    0.9908    0.9905    0.9912    0.9906    0.9918    0.9918    0.9900    0.9919    0.9934    0.9910    0.9933    0.9931    0.9909    0.9895    0.9922    0.9912    0.9888    0.9898    0.9878    0.9879    0.9870    0.9857    0.9857    0.9848    0.9861    0.9852    0.9864    0.9851    0.9863    0.9856    0.9867    0.9874    0.9885
  28    1.0000    1.0000    1.0000    1.0000    1.0000    1.0000    1.0000    1.0000    1.0000    1.0000    1.0000    1.0000    1.0000    1.0000    1.0000    1.0000    1.0000    1.0000    1.0000    1.0000    1.0000    1.0000    1.0000    1.0000    1.0000    1.0000    1.0000    1.0000    1.0000    1.0000    1.0000    1.0000    1.0000    1.0000    1.0000    1.0000    1.0000    1.0000    1.0000    1.0000    1.0000    1.0000    1.0000    1.0000    1.0000    1.0000    1.0000    1.0000
  29    0.9999    0.9999    0.9999    0.9999    0.9999    0.9999    0.9999    0.9999    0.9999    0.9999    0.9999    0.9999    0.9999    0.9999    0.9999    0.9999    0.9999    0.9999    0.9999    0.9999    0.9999    0.9999    0.9999    0.9999    0.9999    0.9999    0.9999    0.9999    0.9999    0.9999    0.9999    0.9999    0.9999    0.9999    0.9999    0.9999    0.9999    0.9999    0.9999    0.9999    0.9999    0.9999    0.9999    0.9999    0.9999    0.9999    0.9999    0.9999
  30    0.9998    0.9998    0.9999    0.9998    0.9999    0.9999    0.9999    0.9999    0.9999    0.9999    0.9999    0.9999    0.9999    0.9999    0.9999    0.9998    0.9998    0.9998    0.9998    0.9998    0.9998    0.9998    0.9998    0.9998    0.9998    0.9998    0.9998    0.9998    0.9998    0.9998    0.9998    0.9998    0.9998    0.9998    0.9998    0.9998    0.9998    0.9998    0.9998    0.9998    0.9998    0.9998    0.9998    0.9998    0.9998    0.9998    0.9998    0.9998
  31    0.9998    0.9998    0.9998    0.9998    0.9998    0.9998    0.9998    0.9999    0.9998    0.9999    0.9999    0.9998    0.9999    0.9998    0.9998    0.9998    0.9998    0.9998    0.9998    0.9998    0.9998    0.9998    0.9998    0.9998    0.9998    0.9998    0.9998    0.9998    0.9998    0.9998    0.9998    0.9998    0.9998    0.9998    0.9998    0.9998    0.9998    0.9998    0.9998    0.9998    0.9998    0.9998    0.9998    0.9998    0.9998    0.9998    0.9998    0.9998
  32    0.9997    0.9997    0.9998    0.9998    0.9998    0.9998    0.9998    0.9998    0.9998    0.9998    0.9998    0.9998    0.9998    0.9998    0.9998    0.9998    0.9997    0.9997    0.9997    0.9997    0.9997    0.9997    0.9997    0.9997    0.9997    0.9997    0.9997    0.9997    0.9997    0.9997    0.9997    0.9997    0.9997    0.9997    0.9997    0.9997    0.9997    0.9997    0.9997    0.9997    0.9997    0.9997    0.9997    0.9997    0.9997    0.9997    0.9997    0.9997
  33    0.9995    0.9995    0.9996    0.9996    0.9996    0.9996    0.9996    0.9996    0.9996    0.9996    0.9996    0.9996    0.9996    0.9996    0.9996    0.9996    0.9996    0.9996    0.9995    0.9995    0.9995    0.9995    0.9995    0.9995    0.9995    0.9995    0.9995    0.9995    0.9994    0.9995    0.9995    0.9994    0.9994    0.9994    0.9994    0.9994    0.9994    0.9994    0.9994    0.9994    0.9994    0.9995    0.9994    0.9995    0.9994    0.9995    0.9995    0.9995
  34    0.9993    0.9993    0.9994    0.9993    0.9994    0.9994    0.9994    0.9994    0.9994    0.9994    0.9994    0.9994    0.9994    0.9994    0.9994    0.9994    0.9993    0.9993    0.9993    0.9993    0.9992    0.9992    0.9992    0.9992    0.9992    0.9992    0.9992    0.9992    0.9991    0.9991    0.9991    0.9991    0.9991    0.9991    0.9991    0.9991    0.9991    0.9991    0.9991    0.9991    0.9991    0.9992    0.9991    0.9991    0.9991    0.9992    0.9992    0.9992
  35    0.9992    0.9992    0.9993    0.9993    0.9993    0.9994    0.9993    0.9994    0.9994    0.9994    0.9994    0.9994    0.9994    0.9993    0.9993    0.9993    0.9993    0.9993    0.9992    0.9992    0.9992    0.9992    0.9991    0.9991    0.9991    0.9991    0.9991    0.9991    0.9991    0.9991    0.9991    0.9991    0.9991    0.9991    0.9991    0.9991    0.9991    0.9990    0.9990    0.9991    0.9990    0.9991    0.9990    0.9991    0.9991    0.9991    0.9991    0.9992
  36    0.9999    0.9999    0.9999    0.9999    0.9999    0.9999    0.9999    0.9999    0.9999    0.9999    0.9999    0.9999    0.9999    0.9999    0.9999    0.9999    0.9999    0.9999    0.9999    0.9999    0.9999    0.9999    0.9999    0.9999    0.9999    0.9999    0.9999    0.9999    0.9999    0.9999    0.9999    0.9999    0.9999    0.9999    0.9999    0.9999    0.9999    0.9999    0.9999    0.9999    0.9999    0.9999    0.9999    0.9999    0.9999    0.9999    0.9999    0.9999
  37    0.9988    0.9987    0.9990    0.9989    0.9990    0.9991    0.9990    0.9991    0.9991    0.9991    0.9991    0.9991    0.9991    0.9990    0.9990    0.9989    0.9989    0.9989    0.9988    0.9988    0.9987    0.9986    0.9988    0.9988    0.9987    0.9988    0.9987    0.9987    0.9986    0.9987    0.9986    0.9986    0.9986    0.9985    0.9985    0.9985    0.9985    0.9984    0.9984    0.9985    0.9984    0.9986    0.9984    0.9986    0.9985    0.9986    0.9987    0.9988
  38    0.9952    0.9948    0.9960    0.9956    0.9960    0.9963    0.9962    0.9966    0.9963    0.9967    0.9967    0.9963    0.9965    0.9962    0.9962    0.9958    0.9955    0.9956    0.9952    0.9952    0.9949    0.9947    0.9952    0.9954    0.9951    0.9952    0.9951    0.9949    0.9945    0.9948    0.9947    0.9945    0.9946    0.9943    0.9943    0.9942    0.9940    0.9939    0.9938    0.9943    0.9939    0.9944    0.9939    0.9944    0.9941    0.9945    0.9948    0.9952
  39    0.9946    0.9942    0.9955    0.9951    0.9955    0.9959    0.9958    0.9962    0.9959    0.9963    0.9963    0.9959    0.9961    0.9957    0.9957    0.9953    0.9950    0.9951    0.9946    0.9947    0.9943    0.9940    0.9947    0.9949    0.9945    0.9947    0.9946    0.9943    0.9939    0.9943    0.9941    0.9938    0.9939    0.9936    0.9936    0.9935    0.9933    0.9931    0.9930    0.9936    0.9932    0.9937    0.9931    0.9937    0.9934    0.9939    0.9942    0.9947
  40    0.9963    0.9959    0.9970    0.9967    0.9970    0.9973    0.9972    0.9975    0.9973    0.9976    0.9976    0.9973    0.9975    0.9972    0.9972    0.9969    0.9967    0.9969    0.9967    0.9970    0.9969    0.9964    0.9969    0.9973    0.9967    0.9973    0.9972    0.9966    0.9961    0.9969    0.9966    0.9960    0.9962    0.9957    0.9957    0.9954    0.9951    0.9950    0.9948    0.9952    0.9949    0.9953    0.9949    0.9953    0.9951    0.9955    0.9957    0.9961
  41    0.9963    0.9959    0.9970    0.9967    0.9970    0.9973    0.9972    0.9975    0.9973    0.9976    0.9976    0.9973    0.9975    0.9972    0.9972    0.9969    0.9967    0.9969    0.9967    0.9970    0.9969    0.9964    0.9969    0.9973    0.9967    0.9972    0.9972    0.9966    0.9961    0.9969    0.9966    0.9959    0.9962    0.9957    0.9957    0.9954    0.9951    0.9950    0.9948    0.9952    0.9949    0.9953    0.9949    0.9953    0.9951    0.9955    0.9957    0.9961
  42    0.9957    0.9953    0.9965    0.9962    0.9966    0.9969    0.9968    0.9971    0.9969    0.9972    0.9972    0.9969    0.9971    0.9967    0.9967    0.9964    0.9962    0.9964    0.9961    0.9965    0.9964    0.9958    0.9964    0.9969    0.9961    0.9968    0.9967    0.9961    0.9955    0.9964    0.9961    0.9953    0.9956    0.9950    0.9950    0.9947    0.9944    0.9943    0.9940    0.9946    0.9942    0.9947    0.9941    0.9947    0.9943    0.9948    0.9951    0.9955
  43    0.9952    0.9948    0.9961    0.9957    0.9961    0.9965    0.9964    0.9967    0.9965    0.9968    0.9969    0.9965    0.9967    0.9963    0.9963    0.9959    0.9957    0.9960    0.9956    0.9960    0.9959    0.9953    0.9960    0.9965    0.9957    0.9964    0.9963    0.9956    0.9950    0.9959    0.9956    0.9948    0.9951    0.9944    0.9945    0.9942    0.9938    0.9937    0.9934    0.9940    0.9936    0.9941    0.9935    0.9941    0.9937    0.9942    0.9945    0.9950
  44    0.9945    0.9941    0.9955    0.9951    0.9956    0.9960    0.9958    0.9962    0.9959    0.9964    0.9964    0.9960    0.9962    0.9958    0.9958    0.9954    0.9951    0.9954    0.9950    0.9954    0.9952    0.9946    0.9954    0.9959    0.9950    0.9958    0.9957    0.9949    0.9943    0.9953    0.9949    0.9941    0.9944    0.9937    0.9937    0.9934    0.9929    0.9929    0.9926    0.9932    0.9927    0.9933    0.9927    0.9933    0.9929    0.9935    0.9938    0.9944
  45    0.9939    0.9934    0.9950    0.9945    0.9950    0.9955    0.9953    0.9958    0.9955    0.9959    0.9959    0.9955    0.9957    0.9953    0.9953    0.9948    0.9946    0.9948    0.9944    0.9948    0.9946    0.9939    0.9948    0.9954    0.9945    0.9953    0.9952    0.9943    0.9937    0.9947    0.9943    0.9934    0.9938    0.9930    0.9930    0.9927    0.9922    0.9921    0.9918    0.9925    0.9920    0.9926    0.9919    0.9926    0.9922    0.9928    0.9932    0.9938
  46    0.9904    0.9897    0.9920    0.9913    0.9921    0.9927    0.9925    0.9932    0.9927    0.9934    0.9934    0.9927    0.9931    0.9924    0.9924    0.9918    0.9914    0.9917    0.9911    0.9917    0.9914    0.9904    0.9918    0.9926    0.9912    0.9924    0.9922    0.9910    0.9901    0.9916    0.9910    0.9898    0.9903    0.9892    0.9892    0.9887    0.9880    0.9878    0.9874    0.9884    0.9877    0.9886    0.9876    0.9886    0.9880    0.9889    0.9894    0.9903
  47    0.9887    0.9879    0.9906    0.9898    0.9906    0.9914    0.9911    0.9919    0.9913    0.9921    0.9921    0.9914    0.9918    0.9910    0.9910    0.9903    0.9898    0.9902    0.9895    0.9901    0.9898    0.9887    0.9903    0.9912    0.9897    0.9910    0.9907    0.9894    0.9883    0.9900    0.9894    0.9880    0.9885    0.9873    0.9873    0.9867    0.9860    0.9858    0.9853    0.9864    0.9856    0.9867    0.9855    0.9866    0.9859    0.9869    0.9876    0.9886
  48    0.9881    0.9872    0.9900    0.9892    0.9901    0.9909    0.9906    0.9914    0.9908    0.9916    0.9917    0.9909    0.9912    0.9905    0.9905    0.9897    0.9892    0.9896    0.9889    0.9895    0.9892    0.9880    0.9897    0.9906    0.9890    0.9904    0.9902    0.9888    0.9876    0.9894    0.9888    0.9872    0.9879    0.9865    0.9865    0.9859    0.9852    0.9849    0.9844    0.9856    0.9847    0.9859    0.9846    0.9859    0.9851    0.9862    0.9868    0.9879
  49    0.9861    0.9851    0.9884    0.9874    0.9885    0.9894    0.9890    0.9899    0.9893    0.9902    0.9903    0.9894    0.9898    0.9889    0.9889    0.9880    0.9875    0.9880    0.9872    0.9880    0.9877    0.9862    0.9881    0.9893    0.9874    0.9891    0.9888    0.9871    0.9858    0.9879    0.9871    0.9853    0.9860    0.9845    0.9845    0.9837    0.9828    0.9826    0.9819    0.9833    0.9823    0.9836    0.9822    0.9836    0.9827    0.9840    0.9847    0.9859
  50    0.9837    0.9825    0.9863    0.9852    0.9864    0.9875    0.9871    0.9882    0.9874    0.9886    0.9886    0.9875    0.9880    0.9869    0.9870    0.9859    0.9853    0.9860    0.9850    0.9861    0.9857    0.9839    0.9863    0.9878    0.9854    0.9875    0.9872    0.9851    0.9835    0.9861    0.9852    0.9829    0.9838    0.9819    0.9819    0.9810    0.9798    0.9796    0.9788    0.9804    0.9792    0.9808    0.9791    0.9807    0.9798    0.9812    0.9821    0.9835
  51    0.9838    0.9826    0.9864    0.9852    0.9865    0.9875    0.9871    0.9882    0.9875    0.9886    0.9886    0.9875    0.9881    0.9870    0.9870    0.9860    0.9853    0.9860    0.9851    0.9861    0.9858    0.9840    0.9863    0.9878    0.9854    0.9875    0.9872    0.9851    0.9835    0.9861    0.9852    0.9829    0.9838    0.9819    0.9819    0.9810    0.9799    0.9796    0.9788    0.9805    0.9793    0.9808    0.9791    0.9808    0.9798    0.9812    0.9821    0.9835
  52    0.9839    0.9827    0.9864    0.9853    0.9866    0.9876    0.9872    0.9883    0.9875    0.9887    0.9887    0.9876    0.9881    0.9871    0.9871    0.9860    0.9854    0.9861    0.9852    0.9862    0.9859    0.9841    0.9864    0.9879    0.9855    0.9876    0.9873    0.9852    0.9836    0.9862    0.9853    0.9830    0.9839    0.9820    0.9820    0.9811    0.9799    0.9797    0.9789    0.9805    0.9793    0.9809    0.9792    0.9808    0.9799    0.9813    0.9822    0.9836
  53    0.9843    0.9832    0.9869    0.9857    0.9870    0.9880    0.9876    0.9887    0.9879    0.9890    0.9890    0.9880    0.9885    0.9875    0.9875    0.9865    0.9859    0.9866    0.9857    0.9867    0.9865    0.9846    0.9868    0.9883    0.9859    0.9880    0.9877    0.9856    0.9841    0.9867    0.9857    0.9834    0.9844    0.9824    0.9824    0.9815    0.9803    0.9801    0.9793    0.9809    0.9797    0.9813    0.9796    0.9812    0.9802    0.9816    0.9825    0.9839
  54    0.9865    0.9855    0.9888    0.9878    0.9889    0.9899    0.9895    0.9905    0.9898    0.9908    0.9908    0.9899    0.9903    0.9894    0.9894    0.9885    0.9880    0.9888    0.9880    0.9891    0.9890    0.9872    0.9892    0.9907    0.9883    0.9905    0.9903    0.9881    0.9866    0.9893    0.9883    0.9859    0.9869    0.9849    0.9850    0.9841    0.9829    0.9827    0.9819    0.9833    0.9823    0.9836    0.9821    0.9836    0.9827    0.9840    0.9848    0.9860
  55    0.9956    0.9951    0.9966    0.9962    0.9967    0.9971    0.9969    0.9974    0.9971    0.9975    0.9975    0.9971    0.9973    0.9969    0.9969    0.9965    0.9963    0.9967    0.9964    0.9970    0.9970    0.9960    0.9970    0.9977    0.9965    0.9977    0.9976    0.9964    0.9958    0.9971    0.9966    0.9954    0.9959    0.9949    0.9950    0.9945    0.9939    0.9938    0.9934    0.9941    0.9936    0.9942    0.9935    0.9942    0.9938    0.9944    0.9947    0.9953
  56    0.9956    0.9951    0.9966    0.9962    0.9967    0.9971    0.9969    0.9974    0.9971    0.9975    0.9975    0.9971    0.9973    0.9969    0.9969    0.9965    0.9963    0.9967    0.9964    0.9970    0.9970    0.9960    0.9970    0.9977    0.9965    0.9977    0.9976    0.9964    0.9958    0.9971    0.9966    0.9954    0.9959    0.9949    0.9950    0.9945    0.9939    0.9938    0.9934    0.9941    0.9936    0.9942    0.9935    0.9942    0.9938    0.9944    0.9947    0.9953
  57    0.9946    0.9940    0.9959    0.9953    0.9959    0.9964    0.9962    0.9968    0.9964    0.9969    0.9970    0.9964    0.9967    0.9962    0.9962    0.9957    0.9955    0.9960    0.9956    0.9963    0.9963    0.9952    0.9962    0.9972    0.9957    0.9971    0.9970    0.9956    0.9948    0.9964    0.9958    0.9943    0.9949    0.9937    0.9938    0.9932    0.9924    0.9924    0.9919    0.9927    0.9921    0.9928    0.9920    0.9928    0.9923    0.9930    0.9935    0.9942
  58    0.9946    0.9940    0.9959    0.9953    0.9959    0.9964    0.9962    0.9968    0.9964    0.9969    0.9970    0.9964    0.9967    0.9962    0.9962    0.9957    0.9955    0.9960    0.9956    0.9963    0.9963    0.9952    0.9962    0.9972    0.9957    0.9971    0.9970    0.9956    0.9948    0.9964    0.9958    0.9943    0.9949    0.9937    0.9938    0.9932    0.9924    0.9924    0.9919    0.9927    0.9921    0.9928    0.9920    0.9928    0.9923    0.9930    0.9935    0.9942
  59    1.0000    1.0000    1.0000    1.0000    1.0000    1.0000    1.0000    1.0000    1.0000    1.0000    1.0000    1.0000    1.0000    1.0000    1.0000    1.0000    1.0000    1.0000    1.0000    1.0000    1.0000    1.0000    1.0000    1.0000    1.0000    1.0000    1.0000    1.0000    1.0000    1.0000    1.0000    1.0000    1.0000    1.0000    1.0000    1.0000    1.0000    1.0000    1.0000    1.0000    1.0000    1.0000    1.0000    1.0000    1.0000    1.0000    1.0000    1.0000
  60    1.0002    1.0001    1.0003    1.0002    1.0003    1.0003    1.0003    1.0003    1.0003    1.0003    1.0003    1.0003    1.0003    1.0003    1.0003    1.0003    1.0002    1.0003    1.0002    1.0003    1.0002    1.0002    1.0003    1.0003    1.0002    1.0003    1.0003    1.0002    1.0002    1.0003    1.0002    1.0002    1.0002    1.0001    1.0001    1.0001    1.0001    1.0001    1.0000    1.0001    1.0000    1.0001    1.0000    1.0001    1.0001    1.0001    1.0001    1.0002
  61    1.0001    1.0000    1.0002    1.0002    1.0002    1.0003    1.0003    1.0003    1.0003    1.0004    1.0004    1.0003    1.0003    1.0003    1.0003    1.0002    1.0002    1.0002    1.0002    1.0003    1.0003    1.0001    1.0003    1.0004    1.0002    1.0004    1.0004    1.0002    1.0001    1.0003    1.0002    1.0000    1.0001    1.0000    1.0000    0.9999    0.9998    0.9998    0.9997    0.9998    0.9998    0.9999    0.9998    0.9999    0.9998    0.9999    0.9999    1.0000
  62    1.0000    0.9999    1.0001    1.0001    1.0002    1.0002    1.0002    1.0003    1.0002    1.0003    1.0003    1.0002    1.0003    1.0002    1.0002    1.0001    1.0001    1.0002    1.0001    1.0002    1.0002    1.0000    1.0002    1.0003    1.0001    1.0003    1.0003    1.0001    1.0000    1.0002    1.0001    0.9999    1.0000    0.9998    0.9999    0.9998    0.9997    0.9997    0.9996    0.9997    0.9996    0.9997    0.9996    0.9997    0.9997    0.9998    0.9998    0.9999
  63    1.0000    0.9999    1.0001    1.0001    1.0001    1.0002    1.0002    1.0003    1.0002    1.0003    1.0003    1.0002    1.0003    1.0002    1.0002    1.0001    1.0001    1.0001    1.0001    1.0002    1.0002    1.0000    1.0002    1.0003    1.0001    1.0003    1.0003    1.0001    1.0000    1.0002    1.0001    0.9999    1.0000    0.9998    0.9999    0.9998    0.9997    0.9997    0.9996    0.9997    0.9996    0.9997    0.9996    0.9997    0.9996    0.9998    0.9998    0.9999
  64    0.9977    0.9974    0.9984    0.9981    0.9984    0.9987    0.9986    0.9989    0.9987    0.9990    0.9990    0.9987    0.9988    0.9985    0.9986    0.9983    0.9982    0.9985    0.9983    0.9988    0.9988    0.9981    0.9989    0.9995    0.9986    0.9994    0.9994    0.9985    0.9980    0.9991    0.9987    0.9977    0.9981    0.9974    0.9974    0.9970    0.9966    0.9966    0.9962    0.9967    0.9964    0.9968    0.9963    0.9968    0.9965    0.9969    0.9971    0.9975
  65    0.9967    0.9963    0.9976    0.9972    0.9977    0.9980    0.9979    0.9983    0.9980    0.9984    0.9984    0.9980    0.9982    0.9978    0.9979    0.9975    0.9974    0.9978    0.9976    0.9982    0.9983    0.9973    0.9983    0.9991    0.9979    0.9991    0.9990    0.9978    0.9972    0.9986    0.9981    0.9968    0.9973    0.9963    0.9964    0.9959    0.9953    0.9953    0.9948    0.9954    0.9950    0.9955    0.9949    0.9955    0.9952    0.9957    0.9960    0.9965
  66    0.9966    0.9962    0.9975    0.9971    0.9976    0.9980    0.9978    0.9982    0.9979    0.9983    0.9983    0.9979    0.9981    0.9977    0.9978    0.9974    0.9973    0.9977    0.9975    0.9981    0.9982    0.9972    0.9982    0.9991    0.9978    0.9990    0.9989    0.9977    0.9971    0.9985    0.9980    0.9967    0.9972    0.9962    0.9963    0.9957    0.9951    0.9951    0.9947    0.9952    0.9948    0.9954    0.9948    0.9953    0.9950    0.9955    0.9958    0.9963
  67    0.9966    0.9962    0.9975    0.9971    0.9976    0.9979    0.9978    0.9982    0.9979    0.9983    0.9983    0.9979    0.9981    0.9977    0.9978    0.9974    0.9973    0.9977    0.9975    0.9981    0.9982    0.9972    0.9982    0.9990    0.9978    0.9990    0.9989    0.9977    0.9971    0.9985    0.9980    0.9967    0.9972    0.9962    0.9962    0.9957    0.9951    0.9951    0.9946    0.9952    0.9948    0.9953    0.9947    0.9953    0.9950    0.9955    0.9958    0.9963
  68    0.9965    0.9960    0.9975    0.9970    0.9975    0.9979    0.9978    0.9982    0.9979    0.9983    0.9983    0.9979    0.9981    0.9977    0.9977    0.9973    0.9972    0.9976    0.9974    0.9980    0.9981    0.9971    0.9981    0.9990    0.9977    0.9989    0.9989    0.9976    0.9969    0.9984    0.9979    0.9965    0.9971    0.9960    0.9961    0.9955    0.9949    0.9949    0.9944    0.9950    0.9946    0.9952    0.9945    0.9951    0.9948    0.9953    0.9957    0.9962
  69    0.9965    0.9960    0.9975    0.9970    0.9975    0.9979    0.9978    0.9982    0.9979    0.9983    0.9983    0.9979    0.9981    0.9977    0.9977    0.9973    0.9972    0.9976    0.9974    0.9980    0.9981    0.9971    0.9981    0.9990    0.9977    0.9989    0.9989    0.9976    0.9969    0.9984    0.9979    0.9965    0.9971    0.9960    0.9961    0.9955    0.9949    0.9949    0.9944    0.9950    0.9946    0.9952    0.9945    0.9951    0.9948    0.9953    0.9957    0.9962

Ano =    3

   1    1.0000    1.0000    1.0000    1.0000    1.0000    1.0000    1.0000    1.0000    1.0000    1.0000    1.0000    1.0000    1.0000    1.0000    1.0000    1.0000    1.0000    1.0000    1.0000    1.0000    1.0000    1.0000    1.0000    1.0000    1.0000    1.0000    1.0000    1.0000    1.0000    1.0000    1.0000    1.0000    1.0000    1.0000    1.0000    1.0000    1.0000    1.0000    1.0000    1.0000    1.0000    1.0000    1.0000    1.0000    1.0000    1.0000    1.0000    1.0000
   2    1.0000    1.0000    1.0000    1.0000    1.0000    1.0000    1.0000    1.0000    1.0000    1.0000    1.0000    1.0000    1.0000    1.0000    1.0000    1.0000    1.0000    1.0000    1.0000    1.0000    1.0000    1.0000    1.0000    1.0000    1.0000    1.0000    1.0000    1.0000    1.0000    1.0000    1.0000    1.0000    1.0000    1.0000    1.0000    1.0000    1.0000    1.0000    1.0000    1.0000    1.0000    1.0000    1.0000    1.0000    1.0000    1.0000    1.0000    1.0000
   3    1.0000    1.0000    1.0000    1.0000    1.0000    1.0000    1.0000    1.0000    1.0000    1.0000    1.0000    1.0000    1.0000    1.0000    1.0000    1.0000    1.0000    1.0000    1.0000    1.0000    1.0000    1.0000    1.0000    1.0000    1.0000    1.0000    1.0000    1.0000    1.0000    1.0000    1.0000    1.0000    1.0000    1.0000    1.0000    1.0000    1.0000    1.0000    1.0000    1.0000    1.0000    1.0000    1.0000    1.0000    1.0000    1.0000    1.0000    1.0000
   4    1.0000    0.9999    1.0000    1.0000    1.0000    1.0000    1.0000    1.0000    1.0000    1.0000    1.0000    1.0000    1.0000    1.0000    1.0000    1.0000    1.0000    1.0000    1.0000    1.0000    1.0000    0.9999    1.0000    1.0000    1.0000    1.0000    1.0000    0.9999    0.9999    0.9999    0.9999    0.9999    0.9999    0.9999    0.9999    0.9999    0.9999    0.9999    0.9999    0.9999    0.9999    0.9999    0.9999    0.9999    0.9999    0.9999    0.9999    1.0000
   5    0.9998    0.9998    0.9999    0.9998    0.9999    0.9999    0.9999    0.9999    0.9999    0.9999    0.9999    0.9999    0.9999    0.9999    0.9999    0.9999    0.9998    0.9999    0.9998    0.9998    0.9998    0.9998    0.9998    0.9999    0.9998    0.9999    0.9998    0.9998    0.9998    0.9998    0.9998    0.9998    0.9998    0.9998    0.9998    0.9998    0.9998    0.9998    0.9997    0.9998    0.9998    0.9998    0.9998    0.9998    0.9998    0.9998    0.9998    0.9998
   6    0.9981    0.9980    0.9985    0.9983    0.9985    0.9986    0.9986    0.9987    0.9986    0.9988    0.9988    0.9986    0.9987    0.9986    0.9986    0.9984    0.9983    0.9984    0.9983    0.9984    0.9984    0.9981    0.9984    0.9986    0.9983    0.9985    0.9985    0.9982    0.9980    0.9983    0.9982    0.9979    0.9980    0.9978    0.9978    0.9977    0.9975    0.9975    0.9974    0.9976    0.9974    0.9976    0.9974    0.9976    0.9975    0.9977    0.9978    0.9980
   7    0.9963    0.9960    0.9970    0.9967    0.9970    0.9973    0.9972    0.9975    0.9973    0.9976    0.9976    0.9973    0.9975    0.9972    0.9972    0.9969    0.9968    0.9969    0.9967    0.9969    0.9968    0.9964    0.9969    0.9972    0.9966    0.9972    0.9971    0.9965    0.9961    0.9968    0.9966    0.9960    0.9962    0.9957    0.9957    0.9955    0.9952    0.9951    0.9949    0.9953    0.9950    0.9954    0.9950    0.9954    0.9952    0.9955    0.9958    0.9962
   8    0.9959    0.9956    0.9967    0.9964    0.9967    0.9970    0.9969    0.9972    0.9970    0.9973    0.9973    0.9970    0.9972    0.9969    0.9969    0.9966    0.9964    0.9966    0.9963    0.9966    0.9965    0.9960    0.9965    0.9969    0.9963    0.9969    0.9968    0.9962    0.9957    0.9965    0.9962    0.9955    0.9958    0.9952    0.9952    0.9950    0.9947    0.9946    0.9944    0.9948    0.9945    0.9949    0.9944    0.9949    0.9946    0.9951    0.9953    0.9957
   9    0.9958    0.9954    0.9966    0.9962    0.9966    0.9969    0.9968    0.9971    0.9969    0.9972    0.9972    0.9969    0.9971    0.9967    0.9968    0.9964    0.9962    0.9965    0.9962    0.9965    0.9964    0.9958    0.9964    0.9968    0.9961    0.9967    0.9966    0.9960    0.9955    0.9963    0.9960    0.9954    0.9956    0.9950    0.9950    0.9948    0.9944    0.9944    0.9941    0.9946    0.9942    0.9947    0.9942    0.9947    0.9944    0.9948    0.9951    0.9955
  10    0.9952    0.9947    0.9962    0.9958    0.9963    0.9967    0.9965    0.9970    0.9967    0.9971    0.9971    0.9967    0.9969    0.9965    0.9965    0.9961    0.9959    0.9962    0.9959    0.9964    0.9964    0.9955    0.9964    0.9971    0.9960    0.9970    0.9969    0.9959    0.9952    0.9964    0.9960    0.9949    0.9953    0.9944    0.9944    0.9940    0.9934    0.9934    0.9930    0.9936    0.9932    0.9938    0.9931    0.9938    0.9934    0.9939    0.9943    0.9949
  11    0.9951    0.9946    0.9962    0.9957    0.9962    0.9967    0.9965    0.9970    0.9966    0.9971    0.9971    0.9967    0.9969    0.9964    0.9965    0.9960    0.9959    0.9962    0.9959    0.9965    0.9964    0.9955    0.9964    0.9972    0.9960    0.9971    0.9970    0.9959    0.9952    0.9965    0.9960    0.9948    0.9953    0.9943    0.9943    0.9939    0.9933    0.9932    0.9928    0.9935    0.9930    0.9936    0.9929    0.9936    0.9932    0.9938    0.9941    0.9947
  12    0.9942    0.9936    0.9955    0.9950    0.9956    0.9961    0.9959    0.9964    0.9961    0.9966    0.9966    0.9961    0.9964    0.9958    0.9959    0.9953    0.9951    0.9956    0.9952    0.9959    0.9959    0.9947    0.9958    0.9967    0.9953    0.9966    0.9965    0.9951    0.9943    0.9959    0.9953    0.9938    0.9945    0.9932    0.9933    0.9927    0.9920    0.9919    0.9914    0.9922    0.9916    0.9924    0.9915    0.9923    0.9919    0.9926    0.9930    0.9937
  13    0.9936    0.9929    0.9951    0.9944    0.9951    0.9957    0.9955    0.9961    0.9957    0.9963    0.9963    0.9957    0.9960    0.9954    0.9955    0.9949    0.9947    0.9952    0.9948    0.9957    0.9958    0.9944    0.9957    0.9969    0.9951    0.9968    0.9967    0.9949    0.9939    0.9960    0.9952    0.9934    0.9942    0.9926    0.9927    0.9920    0.9910    0.9910    0.9903    0.9913    0.9906    0.9915    0.9905    0.9914    0.9909    0.9917    0.9922    0.9930
  14    0.9943    0.9936    0.9957    0.9951    0.9958    0.9964    0.9961    0.9967    0.9963    0.9969    0.9969    0.9964    0.9966    0.9961    0.9961    0.9955    0.9953    0.9959    0.9955    0.9963    0.9964    0.9950    0.9963    0.9974    0.9957    0.9973    0.9972    0.9956    0.9946    0.9966    0.9958    0.9941    0.9948    0.9934    0.9934    0.9927    0.9918    0.9918    0.9912    0.9921    0.9914    0.9923    0.9913    0.9922    0.9917    0.9925    0.9930    0.9938
  15    0.9950    0.9944    0.9964    0.9958    0.9965    0.9970    0.9968    0.9974    0.9970    0.9976    0.9976    0.9970    0.9973    0.9967    0.9968    0.9962    0.9960    0.9966    0.9962    0.9970    0.9970    0.9957    0.9970    0.9981    0.9964    0.9980    0.9978    0.9963    0.9953    0.9972    0.9965    0.9948    0.9956    0.9942    0.9942    0.9936    0.9927    0.9927    0.9921    0.9930    0.9923    0.9931    0.9922    0.9931    0.9926    0.9934    0.9938    0.9946
  16    0.9950    0.9943    0.9964    0.9958    0.9965    0.9970    0.9968    0.9974    0.9970    0.9976    0.9976    0.9970    0.9973    0.9967    0.9968    0.9962    0.9960    0.9966    0.9962    0.9970    0.9970    0.9957    0.9970    0.9981    0.9964    0.9980    0.9979    0.9962    0.9953    0.9972    0.9965    0.9948    0.9955    0.9941    0.9941    0.9934    0.9926    0.9926    0.9919    0.9928    0.9922    0.9930    0.9921    0.9930    0.9925    0.9932    0.9937    0.9945
  17    0.9950    0.9943    0.9965    0.9958    0.9965    0.9972    0.9969    0.9975    0.9971    0.9978    0.9978    0.9972    0.9975    0.9968    0.9969    0.9963    0.9961    0.9966    0.9962    0.9971    0.9972    0.9957    0.9971    0.9983    0.9965    0.9982    0.9980    0.9963    0.9953    0.9974    0.9966    0.9948    0.9955    0.9940    0.9941    0.9934    0.9924    0.9924    0.9918    0.9927    0.9920    0.9929    0.9919    0.9929    0.9923    0.9931    0.9936    0.9945
  18    0.9950    0.9943    0.9965    0.9958    0.9965    0.9972    0.9969    0.9976    0.9971    0.9978    0.9978    0.9972    0.9975    0.9968    0.9969    0.9963    0.9961    0.9967    0.9962    0.9971    0.9972    0.9957    0.9971    0.9983    0.9965    0.9982    0.9980    0.9963    0.9953    0.9974    0.9966    0.9948    0.9955    0.9940    0.9941    0.9934    0.9924    0.9924    0.9918    0.9927    0.9920    0.9929    0.9919    0.9929    0.9923    0.9931    0.9936    0.9945
  19    0.9942    0.9935    0.9957    0.9951    0.9958    0.9964    0.9962    0.9968    0.9964    0.9971    0.9971    0.9964    0.9968    0.9961    0.9962    0.9955    0.9953    0.9959    0.9955    0.9964    0.9965    0.9950    0.9964    0.9977    0.9958    0.9976    0.9974    0.9956    0.9946    0.9967    0.9959    0.9940    0.9948    0.9932    0.9933    0.9925    0.9916    0.9916    0.9909    0.9918    0.9911    0.9920    0.9910    0.9920    0.9914    0.9923    0.9928    0.9937
  20    0.9937    0.9930    0.9953    0.9946    0.9953    0.9960    0.9957    0.9964    0.9959    0.9966    0.9966    0.9960    0.9963    0.9957    0.9957    0.9951    0.9949    0.9955    0.9950    0.9960    0.9961    0.9946    0.9960    0.9973    0.9953    0.9972    0.9971    0.9952    0.9941    0.9963    0.9955    0.9935    0.9944    0.9927    0.9928    0.9920    0.9910    0.9910    0.9903    0.9913    0.9906    0.9915    0.9905    0.9915    0.9909    0.9917    0.9923    0.9932
  21    0.9929    0.9921    0.9945    0.9938    0.9946    0.9952    0.9950    0.9957    0.9952    0.9959    0.9959    0.9952    0.9956    0.9949    0.9949    0.9943    0.9941    0.9947    0.9943    0.9953    0.9954    0.9938    0.9953    0.9967    0.9946    0.9966    0.9964    0.9945    0.9934    0.9957    0.9948    0.9927    0.9936    0.9919    0.9920    0.9912    0.9901    0.9901    0.9894    0.9904    0.9896    0.9906    0.9895    0.9906    0.9900    0.9909    0.9914    0.9923
  22    0.9928    0.9921    0.9945    0.9937    0.9945    0.9952    0.9950    0.9956    0.9952    0.9959    0.9959    0.9952    0.9955    0.9949    0.9949    0.9942    0.9940    0.9947    0.9943    0.9953    0.9954    0.9938    0.9953    0.9967    0.9946    0.9966    0.9964    0.9945    0.9933    0.9957    0.9948    0.9927    0.9936    0.9919    0.9920    0.9911    0.9901    0.9901    0.9893    0.9903    0.9896    0.9906    0.9895    0.9905    0.9899    0.9908    0.9914    0.9923
  23    0.9924    0.9916    0.9940    0.9933    0.9941    0.9948    0.9946    0.9952    0.9948    0.9955    0.9955    0.9948    0.9951    0.9945    0.9945    0.9938    0.9936    0.9943    0.9939    0.9949    0.9951    0.9934    0.9950    0.9965    0.9943    0.9964    0.9962    0.9942    0.9930    0.9955    0.9945    0.9923    0.9933    0.9915    0.9916    0.9907    0.9896    0.9896    0.9888    0.9898    0.9890    0.9900    0.9889    0.9900    0.9894    0.9903    0.9909    0.9918
  24    0.9914    0.9905    0.9931    0.9924    0.9932    0.9940    0.9937    0.9944    0.9939    0.9947    0.9947    0.9940    0.9943    0.9936    0.9936    0.9929    0.9927    0.9935    0.9931    0.9943    0.9945    0.9926    0.9944    0.9960    0.9936    0.9959    0.9958    0.9935    0.9922    0.9950    0.9939    0.9915    0.9925    0.9905    0.9906    0.9896    0.9884    0.9884    0.9876    0.9887    0.9878    0.9889    0.9877    0.9889    0.9882    0.9892    0.9898    0.9908
  25    0.9893    0.9884    0.9913    0.9904    0.9914    0.9922    0.9919    0.9927    0.9921    0.9930    0.9930    0.9922    0.9926    0.9918    0.9918    0.9910    0.9907    0.9915    0.9909    0.9921    0.9922    0.9903    0.9921    0.9937    0.9913    0.9936    0.9934    0.9911    0.9898    0.9925    0.9915    0.9891    0.9901    0.9881    0.9882    0.9872    0.9860    0.9860    0.9851    0.9863    0.9854    0.9866    0.9853    0.9866    0.9858    0.9869    0.9876    0.9887
  26    0.9885    0.9875    0.9905    0.9896    0.9906    0.9915    0.9912    0.9920    0.9914    0.9923    0.9923    0.9915    0.9919    0.9910    0.9911    0.9902    0.9899    0.9907    0.9901    0.9912    0.9912    0.9894    0.9912    0.9928    0.9904    0.9926    0.9924    0.9902    0.9888    0.9915    0.9905    0.9881    0.9891    0.9871    0.9872    0.9862    0.9850    0.9849    0.9841    0.9854    0.9844    0.9857    0.9843    0.9856    0.9848    0.9860    0.9867    0.9878
  27    0.9880    0.9870    0.9901    0.9892    0.9902    0.9911    0.9908    0.9916    0.9910    0.9919    0.9920    0.9911    0.9915    0.9906    0.9907    0.9898    0.9895    0.9902    0.9896    0.9907    0.9907    0.9888    0.9907    0.9923    0.9899    0.9921    0.9919    0.9897    0.9882    0.9910    0.9900    0.9875    0.9886    0.9866    0.9866    0.9857    0.9845    0.9844    0.9835    0.9848    0.9839    0.9851    0.9837    0.9851    0.9843    0.9855    0.9862    0.9874
  28    1.0000    1.0000    1.0000    1.0000    1.0000    1.0000    1.0000    1.0000    1.0000    1.0000    1.0000    1.0000    1.0000    1.0000    1.0000    1.0000    1.0000    1.0000    1.0000    1.0000    1.0000    1.0000    1.0000    1.0000    1.0000    1.0000    1.0000    1.0000    1.0000    1.0000    1.0000    1.0000    1.0000    1.0000    1.0000    1.0000    1.0000    1.0000    1.0000    1.0000    1.0000    1.0000    1.0000    1.0000    1.0000    1.0000    1.0000    1.0000
  29    0.9999    0.9999    0.9999    0.9999    0.9999    0.9999    0.9999    0.9999    0.9999    0.9999    0.9999    0.9999    0.9999    0.9999    0.9999    0.9999    0.9999    0.9999    0.9999    0.9999    0.9999    0.9999    0.9999    0.9999    0.9999    0.9999    0.9999    0.9999    0.9999    0.9999    0.9999    0.9999    0.9999    0.9999    0.9999    0.9999    0.9999    0.9999    0.9999    0.9999    0.9999    0.9999    0.9999    0.9999    0.9999    0.9999    0.9999    0.9999
  30    0.9998    0.9998    0.9998    0.9998    0.9998    0.9999    0.9999    0.9999    0.9999    0.9999    0.9999    0.9999    0.9999    0.9998    0.9998    0.9998    0.9998    0.9998    0.9998    0.9998    0.9998    0.9998    0.9998    0.9998    0.9998    0.9998    0.9998    0.9998    0.9998    0.9998    0.9998    0.9998    0.9998    0.9998    0.9998    0.9998    0.9998    0.9998    0.9998    0.9998    0.9998    0.9998    0.9998    0.9998    0.9998    0.9998    0.9998    0.9998
  31    0.9998    0.9998    0.9998    0.9998    0.9998    0.9998    0.9998    0.9998    0.9998    0.9998    0.9998    0.9998    0.9998    0.9998    0.9998    0.9998    0.9998    0.9998    0.9998    0.9998    0.9998    0.9998    0.9998    0.9998    0.9998    0.9998    0.9998    0.9998    0.9998    0.9998    0.9998    0.9998    0.9998    0.9998    0.9998    0.9998    0.9998    0.9997    0.9997    0.9998    0.9998    0.9998    0.9998    0.9998    0.9998    0.9998    0.9998    0.9998
  32    0.9997    0.9997    0.9998    0.9997    0.9998    0.9998    0.9998    0.9998    0.9998    0.9998    0.9998    0.9998    0.9998    0.9998    0.9998    0.9997    0.9997    0.9997    0.9997    0.9997    0.9997    0.9997    0.9997    0.9997    0.9997    0.9997    0.9997    0.9997    0.9997    0.9997    0.9997    0.9997    0.9997    0.9997    0.9997    0.9997    0.9996    0.9996    0.9996    0.9997    0.9996    0.9997    0.9996    0.9997    0.9997    0.9997    0.9997    0.9997
  33    0.9995    0.9995    0.9996    0.9995    0.9996    0.9996    0.9996    0.9996    0.9996    0.9996    0.9996    0.9996    0.9996    0.9996    0.9996    0.9996    0.9995    0.9995    0.9995    0.9995    0.9995    0.9995    0.9995    0.9995    0.9994    0.9995    0.9994    0.9994    0.9994    0.9994    0.9994    0.9994    0.9994    0.9994    0.9994    0.9994    0.9994    0.9994    0.9994    0.9994    0.9994    0.9994    0.9994    0.9994    0.9994    0.9994    0.9994    0.9995
  34    0.9993    0.9992    0.9993    0.9993    0.9993    0.9994    0.9994    0.9994    0.9994    0.9994    0.9994    0.9994    0.9994    0.9994    0.9994    0.9993    0.9993    0.9993    0.9992    0.9992    0.9992    0.9992    0.9992    0.9992    0.9991    0.9991    0.9991    0.9991    0.9991    0.9991    0.9991    0.9991    0.9991    0.9991    0.9991    0.9991    0.9991    0.9990    0.9990    0.9991    0.9991    0.9991    0.9991    0.9991    0.9991    0.9991    0.9991    0.9992
  35    0.9992    0.9992    0.9993    0.9992    0.9993    0.9993    0.9993    0.9993    0.9993    0.9994    0.9994    0.9993    0.9993    0.9993    0.9993    0.9993    0.9992    0.9992    0.9992    0.9992    0.9991    0.9991    0.9991    0.9991    0.9991    0.9991    0.9991    0.9991    0.9990    0.9990    0.9990    0.9990    0.9990    0.9990    0.9990    0.9990    0.9990    0.9990    0.9990    0.9990    0.9990    0.9990    0.9990    0.9990    0.9990    0.9991    0.9991    0.9991
  36    0.9999    0.9999    0.9999    0.9999    0.9999    0.9999    0.9999    0.9999    0.9999    0.9999    0.9999    0.9999    0.9999    0.9999    0.9999    0.9999    0.9999    0.9999    0.9999    0.9999    0.9999    0.9999    0.9999    0.9999    0.9999    0.9999    0.9999    0.9999    0.9999    0.9999    0.9999    0.9999    0.9999    0.9999    0.9999    0.9999    0.9999    0.9999    0.9999    0.9999    0.9999    0.9999    0.9999    0.9999    0.9999    0.9999    0.9999    0.9999
  37    0.9987    0.9986    0.9989    0.9988    0.9989    0.9990    0.9989    0.9990    0.9990    0.9991    0.9991    0.9990    0.9990    0.9989    0.9989    0.9988    0.9988    0.9988    0.9987    0.9987    0.9986    0.9985    0.9987    0.9987    0.9986    0.9987    0.9986    0.9986    0.9985    0.9985    0.9985    0.9985    0.9985    0.9984    0.9984    0.9984    0.9983    0.9983    0.9983    0.9984    0.9983    0.9984    0.9983    0.9984    0.9984    0.9985    0.9985    0.9987
  38    0.9948    0.9944    0.9956    0.9953    0.9957    0.9960    0.9959    0.9962    0.9960    0.9963    0.9964    0.9960    0.9962    0.9958    0.9958    0.9955    0.9951    0.9952    0.9947    0.9948    0.9945    0.9943    0.9948    0.9949    0.9946    0.9948    0.9946    0.9945    0.9940    0.9944    0.9942    0.9940    0.9941    0.9938    0.9938    0.9937    0.9935    0.9934    0.9933    0.9938    0.9934    0.9939    0.9934    0.9939    0.9936    0.9941    0.9943    0.9948
  39    0.9941    0.9937    0.9951    0.9947    0.9951    0.9955    0.9954    0.9958    0.9955    0.9959    0.9959    0.9955    0.9957    0.9953    0.9953    0.9949    0.9945    0.9946    0.9941    0.9942    0.9938    0.9935    0.9942    0.9944    0.9940    0.9942    0.9940    0.9938    0.9933    0.9937    0.9936    0.9933    0.9934    0.9930    0.9930    0.9929    0.9927    0.9925    0.9924    0.9930    0.9926    0.9932    0.9925    0.9932    0.9928    0.9933    0.9936    0.9942
  40    0.9959    0.9956    0.9967    0.9963    0.9967    0.9970    0.9969    0.9972    0.9970    0.9973    0.9973    0.9970    0.9972    0.9969    0.9969    0.9966    0.9964    0.9966    0.9963    0.9966    0.9965    0.9960    0.9965    0.9969    0.9962    0.9968    0.9967    0.9961    0.9957    0.9964    0.9962    0.9955    0.9958    0.9952    0.9952    0.9950    0.9946    0.9946    0.9943    0.9948    0.9945    0.9949    0.9944    0.9949    0.9946    0.9950    0.9953    0.9957
  41    0.9959    0.9956    0.9967    0.9963    0.9967    0.9970    0.9969    0.9972    0.9970    0.9973    0.9973    0.9970    0.9972    0.9968    0.9969    0.9965    0.9964    0.9966    0.9963    0.9966    0.9965    0.9959    0.9965    0.9969    0.9962    0.9968    0.9967    0.9961    0.9957    0.9964    0.9961    0.9955    0.9958    0.9952    0.9952    0.9949    0.9946    0.9945    0.9943    0.9948    0.9944    0.9949    0.9944    0.9949    0.9946    0.9950    0.9953    0.9957
  42    0.9953    0.9949    0.9961    0.9958    0.9962    0.9965    0.9964    0.9968    0.9965    0.9969    0.9969    0.9965    0.9967    0.9964    0.9964    0.9960    0.9958    0.9960    0.9957    0.9960    0.9959    0.9953    0.9959    0.9964    0.9957    0.9963    0.9962    0.9956    0.9950    0.9959    0.9956    0.9948    0.9951    0.9945    0.9945    0.9942    0.9938    0.9938    0.9935    0.9940    0.9937    0.9942    0.9936    0.9941    0.9938    0.9943    0.9946    0.9951
  43    0.9947    0.9943    0.9957    0.9953    0.9957    0.9961    0.9960    0.9963    0.9961    0.9965    0.9965    0.9961    0.9963    0.9959    0.9959    0.9955    0.9953    0.9955    0.9952    0.9955    0.9954    0.9947    0.9954    0.9959    0.9951    0.9958    0.9957    0.9950    0.9944    0.9953    0.9950    0.9942    0.9945    0.9939    0.9939    0.9936    0.9932    0.9931    0.9928    0.9934    0.9930    0.9935    0.9929    0.9935    0.9932    0.9937    0.9940    0.9945
  44    0.9940    0.9935    0.9951    0.9946    0.9951    0.9955    0.9954    0.9958    0.9955    0.9960    0.9960    0.9955    0.9957    0.9953    0.9953    0.9949    0.9946    0.9949    0.9945    0.9948    0.9947    0.9940    0.9948    0.9953    0.9944    0.9952    0.9951    0.9943    0.9937    0.9947    0.9943    0.9935    0.9938    0.9931    0.9931    0.9927    0.9923    0.9922    0.9919    0.9926    0.9921    0.9927    0.9920    0.9927    0.9923    0.9929    0.9932    0.9938
  45    0.9933    0.9928    0.9945    0.9940    0.9945    0.9950    0.9948    0.9953    0.9950    0.9955    0.9955    0.9950    0.9952    0.9948    0.9948    0.9943    0.9940    0.9943    0.9938    0.9942    0.9940    0.9933    0.9942    0.9948    0.9938    0.9946    0.9945    0.9937    0.9930    0.9940    0.9937    0.9928    0.9931    0.9923    0.9923    0.9920    0.9915    0.9914    0.9911    0.9918    0.9913    0.9919    0.9912    0.9919    0.9915    0.9921    0.9925    0.9932
  46    0.9896    0.9888    0.9913    0.9906    0.9914    0.9921    0.9918    0.9925    0.9920    0.9927    0.9928    0.9921    0.9924    0.9917    0.9917    0.9910    0.9906    0.9910    0.9903    0.9908    0.9905    0.9895    0.9908    0.9917    0.9903    0.9914    0.9912    0.9901    0.9891    0.9906    0.9900    0.9888    0.9893    0.9882    0.9882    0.9877    0.9870    0.9868    0.9864    0.9874    0.9867    0.9877    0.9866    0.9876    0.9870    0.9879    0.9885    0.9894
  47    0.9878    0.9869    0.9897    0.9889    0.9898    0.9906    0.9903    0.9911    0.9906    0.9914    0.9914    0.9906    0.9910    0.9902    0.9902    0.9894    0.9889    0.9893    0.9885    0.9892    0.9888    0.9876    0.9892    0.9901    0.9886    0.9899    0.9896    0.9883    0.9872    0.9889    0.9883    0.9868    0.9874    0.9861    0.9861    0.9855    0.9848    0.9846    0.9841    0.9853    0.9844    0.9855    0.9843    0.9855    0.9848    0.9858    0.9865    0.9876
  48    0.9871    0.9861    0.9891    0.9882    0.9892    0.9900    0.9897    0.9906    0.9900    0.9909    0.9909    0.9901    0.9904    0.9896    0.9896    0.9888    0.9882    0.9887    0.9879    0.9885    0.9882    0.9869    0.9886    0.9895    0.9879    0.9893    0.9890    0.9876    0.9864    0.9882    0.9876    0.9860    0.9866    0.9853    0.9853    0.9847    0.9839    0.9837    0.9832    0.9844    0.9835    0.9847    0.9834    0.9847    0.9839    0.9850    0.9857    0.9868
  49    0.9850    0.9840    0.9874    0.9863    0.9875    0.9884    0.9881    0.9890    0.9883    0.9893    0.9894    0.9884    0.9889    0.9879    0.9880    0.9870    0.9864    0.9869    0.9860    0.9869    0.9865    0.9850    0.9869    0.9881    0.9861    0.9878    0.9875    0.9858    0.9844    0.9866    0.9858    0.9839    0.9847    0.9831    0.9831    0.9823    0.9814    0.9811    0.9805    0.9820    0.9809    0.9823    0.9808    0.9822    0.9814    0.9826    0.9834    0.9847
  50    0.9824    0.9811    0.9852    0.9840    0.9853    0.9864    0.9860    0.9871    0.9863    0.9875    0.9875    0.9864    0.9869    0.9858    0.9859    0.9847    0.9840    0.9847    0.9837    0.9847    0.9843    0.9825    0.9848    0.9863    0.9839    0.9859    0.9856    0.9835    0.9819    0.9845    0.9835    0.9813    0.9822    0.9802    0.9802    0.9793    0.9782    0.9779    0.9771    0.9788    0.9776    0.9792    0.9774    0.9792    0.9781    0.9796    0.9806    0.9821
  51    0.9824    0.9812    0.9852    0.9840    0.9853    0.9864    0.9860    0.9871    0.9864    0.9875    0.9876    0.9864    0.9870    0.9859    0.9859    0.9848    0.9841    0.9848    0.9837    0.9847    0.9843    0.9825    0.9848    0.9863    0.9839    0.9860    0.9856    0.9836    0.9819    0.9845    0.9836    0.9813    0.9822    0.9803    0.9803    0.9794    0.9782    0.9779    0.9772    0.9789    0.9776    0.9792    0.9774    0.9792    0.9782    0.9797    0.9806    0.9821
  52    0.9825    0.9813    0.9853    0.9841    0.9854    0.9865    0.9861    0.9872    0.9864    0.9876    0.9876    0.9865    0.9871    0.9859    0.9860    0.9849    0.9842    0.9849    0.9838    0.9849    0.9845    0.9826    0.9849    0.9864    0.9840    0.9861    0.9857    0.9837    0.9820    0.9846    0.9837    0.9814    0.9823    0.9804    0.9804    0.9795    0.9783    0.9780    0.9772    0.9789    0.9777    0.9793    0.9775    0.9793    0.9782    0.9797    0.9807    0.9822
  53    0.9830    0.9818    0.9857    0.9845    0.9858    0.9869    0.9865    0.9876    0.9868    0.9880    0.9880    0.9869    0.9874    0.9863    0.9864    0.9853    0.9847    0.9854    0.9844    0.9854    0.9851    0.9832    0.9854    0.9868    0.9844    0.9865    0.9862    0.9841    0.9825    0.9851    0.9842    0.9819    0.9828    0.9808    0.9808    0.9799    0.9787    0.9785    0.9777    0.9793    0.9781    0.9797    0.9780    0.9797    0.9787    0.9801    0.9810    0.9825
  54    0.9854    0.9843    0.9878    0.9867    0.9879    0.9889    0.9885    0.9895    0.9888    0.9898    0.9899    0.9889    0.9894    0.9884    0.9884    0.9874    0.9869    0.9876    0.9868    0.9879    0.9877    0.9859    0.9878    0.9894    0.9870    0.9891    0.9889    0.9867    0.9852    0.9879    0.9869    0.9845    0.9855    0.9835    0.9835    0.9826    0.9814    0.9812    0.9804    0.9819    0.9808    0.9822    0.9807    0.9822    0.9813    0.9826    0.9834    0.9848
  55    0.9951    0.9946    0.9961    0.9957    0.9962    0.9966    0.9965    0.9969    0.9966    0.9971    0.9971    0.9966    0.9969    0.9964    0.9964    0.9960    0.9958    0.9962    0.9958    0.9964    0.9964    0.9955    0.9963    0.9971    0.9959    0.9970    0.9969    0.9958    0.9951    0.9965    0.9960    0.9948    0.9953    0.9943    0.9943    0.9938    0.9932    0.9932    0.9927    0.9934    0.9929    0.9936    0.9928    0.9935    0.9931    0.9937    0.9941    0.9947
  56    0.9951    0.9946    0.9961    0.9957    0.9962    0.9966    0.9965    0.9969    0.9966    0.9971    0.9971    0.9966    0.9969    0.9964    0.9964    0.9960    0.9958    0.9962    0.9958    0.9964    0.9964    0.9955    0.9963    0.9971    0.9959    0.9970    0.9969    0.9958    0.9951    0.9965    0.9960    0.9948    0.9953    0.9943    0.9943    0.9938    0.9932    0.9932    0.9927    0.9934    0.9929    0.9936    0.9928    0.9935    0.9931    0.9937    0.9941    0.9947
  57    0.9940    0.9934    0.9953    0.9947    0.9953    0.9959    0.9957    0.9962    0.9959    0.9964    0.9964    0.9959    0.9962    0.9956    0.9956    0.9951    0.9949    0.9953    0.9949    0.9956    0.9956    0.9945    0.9955    0.9964    0.9950    0.9963    0.9962    0.9948    0.9940    0.9956    0.9950    0.9935    0.9941    0.9929    0.9930    0.9924    0.9916    0.9916    0.9911    0.9919    0.9913    0.9921    0.9912    0.9920    0.9915    0.9923    0.9927    0.9935
  58    0.9940    0.9934    0.9953    0.9947    0.9953    0.9959    0.9957    0.9962    0.9959    0.9964    0.9964    0.9959    0.9962    0.9956    0.9956    0.9951    0.9949    0.9953    0.9949    0.9956    0.9956    0.9945    0.9955    0.9964    0.9950    0.9963    0.9962    0.9948    0.9940    0.9956    0.9950    0.9935    0.9941    0.9929    0.9930    0.9924    0.9916    0.9916    0.9911    0.9919    0.9913    0.9921    0.9912    0.9920    0.9915    0.9923    0.9927    0.9935
  59    1.0000    1.0000    1.0000    1.0000    1.0000    1.0000    1.0000    1.0000    1.0000    1.0000    1.0000    1.0000    1.0000    1.0000    1.0000    1.0000    1.0000    1.0000    1.0000    1.0000    1.0000    1.0000    1.0000    1.0000    1.0000    1.0000    1.0000    1.0000    1.0000    1.0000    1.0000    1.0000    1.0000    1.0000    1.0000    1.0000    1.0000    1.0000    1.0000    1.0000    1.0000    1.0000    1.0000    1.0000    1.0000    1.0000    1.0000    1.0000
  60    1.0001    1.0001    1.0002    1.0002    1.0002    1.0003    1.0003    1.0003    1.0003    1.0003    1.0003    1.0003    1.0003    1.0002    1.0003    1.0002    1.0002    1.0002    1.0002    1.0002    1.0002    1.0001    1.0002    1.0003    1.0002    1.0002    1.0002    1.0002    1.0001    1.0002    1.0002    1.0001    1.0001    1.0001    1.0001    1.0000    1.0000    1.0000    1.0000    1.0000    1.0000    1.0000    1.0000    1.0000    1.0000    1.0001    1.0001    1.0001
  61    1.0000    0.9999    1.0001    1.0001    1.0002    1.0002    1.0002    1.0003    1.0002    1.0003    1.0003    1.0002    1.0003    1.0002    1.0002    1.0001    1.0001    1.0002    1.0001    1.0002    1.0002    1.0000    1.0002    1.0003    1.0001    1.0003    1.0003    1.0001    1.0000    1.0002    1.0001    0.9999    1.0000    0.9999    0.9999    0.9998    0.9997    0.9997    0.9996    0.9997    0.9997    0.9998    0.9997    0.9998    0.9997    0.9998    0.9998    0.9999
  62    0.9999    0.9998    1.0001    1.0000    1.0001    1.0001    1.0001    1.0002    1.0001    1.0002    1.0002    1.0001    1.0002    1.0001    1.0001    1.0000    1.0000    1.0001    1.0000    1.0001    1.0001    0.9999    1.0001    1.0002    1.0000    1.0002    1.0002    1.0000    0.9999    1.0001    1.0000    0.9998    0.9999    0.9997    0.9997    0.9996    0.9995    0.9995    0.9995    0.9996    0.9995    0.9996    0.9995    0.9996    0.9995    0.9996    0.9997    0.9998
  63    0.9999    0.9998    1.0000    1.0000    1.0001    1.0001    1.0001    1.0002    1.0001    1.0002    1.0002    1.0001    1.0002    1.0001    1.0001    1.0000    1.0000    1.0001    1.0000    1.0001    1.0001    0.9999    1.0001    1.0002    1.0000    1.0002    1.0002    1.0000    0.9999    1.0001    1.0000    0.9998    0.9999    0.9997    0.9997    0.9996    0.9995    0.9995    0.9995    0.9996    0.9995    0.9996    0.9995    0.9996    0.9995    0.9996    0.9997    0.9998
  64    0.9973    0.9970    0.9980    0.9977    0.9981    0.9984    0.9983    0.9986    0.9984    0.9987    0.9987    0.9984    0.9985    0.9982    0.9982    0.9980    0.9979    0.9982    0.9980    0.9984    0.9985    0.9977    0.9984    0.9991    0.9981    0.9990    0.9989    0.9981    0.9976    0.9986    0.9982    0.9973    0.9977    0.9969    0.9970    0.9966    0.9961    0.9961    0.9958    0.9962    0.9959    0.9963    0.9959    0.9963    0.9961    0.9965    0.9967    0.9971
  65    0.9963    0.9958    0.9972    0.9968    0.9972    0.9976    0.9975    0.9979    0.9976    0.9980    0.9980    0.9976    0.9978    0.9974    0.9975    0.9971    0.9970    0.9974    0.9971    0.9977    0.9978    0.9968    0.9977    0.9986    0.9973    0.9985    0.9984    0.9973    0.9966    0.9980    0.9975    0.9962    0.9968    0.9957    0.9958    0.9953    0.9947    0.9947    0.9942    0.9948    0.9944    0.9950    0.9943    0.9949    0.9946    0.9951    0.9954    0.9960
  66    0.9961    0.9957    0.9971    0.9967    0.9971    0.9975    0.9974    0.9978    0.9975    0.9979    0.9979    0.9975    0.9977    0.9973    0.9974    0.9970    0.9969    0.9973    0.9970    0.9976    0.9977    0.9967    0.9977    0.9985    0.9972    0.9984    0.9984    0.9972    0.9965    0.9979    0.9974    0.9961    0.9966    0.9956    0.9956    0.9951    0.9945    0.9945    0.9940    0.9946    0.9942    0.9948    0.9941    0.9948    0.9944    0.9949    0.9953    0.9958
  67    0.9961    0.9956    0.9971    0.9967    0.9971    0.9975    0.9974    0.9978    0.9975    0.9979    0.9979    0.9975    0.9977    0.9973    0.9974    0.9970    0.9968    0.9972    0.9970    0.9976    0.9977    0.9967    0.9976    0.9985    0.9972    0.9984    0.9983    0.9971    0.9965    0.9979    0.9974    0.9961    0.9966    0.9956    0.9956    0.9951    0.9945    0.9945    0.9940    0.9946    0.9942    0.9948    0.9941    0.9947    0.9944    0.9949    0.9953    0.9958
  68    0.9960    0.9955    0.9970    0.9965    0.9970    0.9975    0.9973    0.9977    0.9974    0.9979    0.9979    0.9975    0.9977    0.9973    0.9973    0.9969    0.9967    0.9971    0.9969    0.9975    0.9976    0.9965    0.9975    0.9984    0.9971    0.9983    0.9982    0.9970    0.9963    0.9978    0.9972    0.9959    0.9965    0.9954    0.9954    0.9949    0.9942    0.9942    0.9938    0.9944    0.9939    0.9946    0.9939    0.9945    0.9941    0.9947    0.9951    0.9956
  69    0.9960    0.9955    0.9970    0.9965    0.9970    0.9975    0.9973    0.9977    0.9974    0.9979    0.9979    0.9975    0.9977    0.9973    0.9973    0.9969    0.9967    0.9971    0.9969    0.9975    0.9976    0.9965    0.9975    0.9984    0.9971    0.9983    0.9982    0.9970    0.9963    0.9978    0.9972    0.9959    0.9965    0.9954    0.9954    0.9949    0.9942    0.9942    0.9938    0.9944    0.9939    0.9945    0.9939    0.9945    0.9941    0.9947    0.9951    0.9956

Ano =    4

   1    1.0000    1.0000    1.0000    1.0000    1.0000    1.0000    1.0000    1.0000    1.0000    1.0000    1.0000    1.0000    1.0000    1.0000    1.0000    1.0000    1.0000    1.0000    1.0000    1.0000    1.0000    1.0000    1.0000    1.0000    1.0000    1.0000    1.0000    1.0000    1.0000    1.0000    1.0000    1.0000    1.0000    1.0000    1.0000    1.0000    1.0000    1.0000    1.0000    1.0000    1.0000    1.0000    1.0000    1.0000    1.0000    1.0000    1.0000    1.0000
   2    1.0000    1.0000    1.0000    1.0000    1.0000    1.0000    1.0000    1.0000    1.0000    1.0000    1.0000    1.0000    1.0000    1.0000    1.0000    1.0000    1.0000    1.0000    1.0000    1.0000    1.0000    1.0000    1.0000    1.0000    1.0000    1.0000    1.0000    1.0000    1.0000    1.0000    1.0000    1.0000    1.0000    1.0000    1.0000    1.0000    1.0000    1.0000    1.0000    1.0000    1.0000    1.0000    1.0000    1.0000    1.0000    1.0000    1.0000    1.0000
   3    1.0000    1.0000    1.0000    1.0000    1.0000    1.0000    1.0000    1.0000    1.0000    1.0000    1.0000    1.0000    1.0000    1.0000    1.0000    1.0000    1.0000    1.0000    1.0000    1.0000    1.0000    1.0000    1.0000    1.0000    1.0000    1.0000    1.0000    1.0000    1.0000    1.0000    1.0000    1.0000    1.0000    1.0000    1.0000    1.0000    1.0000    1.0000    1.0000    1.0000    1.0000    1.0000    1.0000    1.0000    1.0000    1.0000    1.0000    1.0000
   4    0.9999    0.9999    1.0000    1.0000    1.0000    1.0000    1.0000    1.0000    1.0000    1.0000    1.0000    1.0000    1.0000    1.0000    1.0000    1.0000    1.0000    1.0000    0.9999    0.9999    0.9999    0.9999    0.9999    1.0000    0.9999    0.9999    0.9999    0.9999    0.9999    0.9999    0.9999    0.9999    0.9999    0.9999    0.9999    0.9999    0.9999    0.9999    0.9999    0.9999    0.9999    0.9999    0.9999    0.9999    0.9999    0.9999    0.9999    0.9999
   5    0.9998    0.9998    0.9998    0.9998    0.9998    0.9999    0.9999    0.9999    0.9999    0.9999    0.9999    0.9999    0.9999    0.9999    0.9999    0.9998    0.9998    0.9998    0.9998    0.9998    0.9998    0.9998    0.9998    0.9998    0.9998    0.9998    0.9998    0.9998    0.9998    0.9998    0.9998    0.9998    0.9998    0.9998    0.9998    0.9997    0.9997    0.9997    0.9997    0.9997    0.9997    0.9998    0.9997    0.9998    0.9997    0.9998    0.9998    0.9998
   6    0.9979    0.9978    0.9983    0.9981    0.9983    0.9985    0.9984    0.9986    0.9985    0.9986    0.9986    0.9985    0.9986    0.9984    0.9984    0.9983    0.9982    0.9982    0.9981    0.9982    0.9982    0.9979    0.9982    0.9984    0.9981    0.9983    0.9983    0.9980    0.9978    0.9981    0.9980    0.9977    0.9978    0.9976    0.9976    0.9974    0.9973    0.9973    0.9972    0.9974    0.9972    0.9974    0.9972    0.9974    0.9973    0.9975    0.9976    0.9978
   7    0.9960    0.9957    0.9967    0.9964    0.9967    0.9970    0.9969    0.9972    0.9970    0.9973    0.9973    0.9970    0.9972    0.9969    0.9969    0.9966    0.9964    0.9966    0.9963    0.9966    0.9965    0.9960    0.9965    0.9968    0.9962    0.9968    0.9967    0.9961    0.9957    0.9964    0.9961    0.9956    0.9958    0.9953    0.9953    0.9951    0.9948    0.9947    0.9945    0.9949    0.9946    0.9950    0.9946    0.9950    0.9947    0.9951    0.9954    0.9958
   8    0.9956    0.9952    0.9963    0.9960    0.9964    0.9967    0.9966    0.9969    0.9967    0.9970    0.9970    0.9967    0.9969    0.9965    0.9966    0.9962    0.9960    0.9962    0.9959    0.9962    0.9961    0.9956    0.9961    0.9965    0.9958    0.9964    0.9963    0.9957    0.9952    0.9960    0.9957    0.9951    0.9953    0.9948    0.9948    0.9945    0.9942    0.9941    0.9939    0.9944    0.9940    0.9945    0.9940    0.9945    0.9942    0.9946    0.9949    0.9953
   9    0.9954    0.9950    0.9962    0.9958    0.9962    0.9966    0.9964    0.9968    0.9966    0.9969    0.9969    0.9966    0.9967    0.9964    0.9964    0.9961    0.9959    0.9961    0.9957    0.9961    0.9959    0.9954    0.9959    0.9964    0.9956    0.9963    0.9962    0.9955    0.9950    0.9958    0.9955    0.9949    0.9951    0.9945    0.9945    0.9943    0.9939    0.9938    0.9936    0.9941    0.9937    0.9942    0.9937    0.9942    0.9939    0.9944    0.9946    0.9951
  10    0.9947    0.9942    0.9958    0.9953    0.9958    0.9963    0.9961    0.9965    0.9962    0.9967    0.9967    0.9963    0.9965    0.9960    0.9961    0.9956    0.9954    0.9957    0.9954    0.9959    0.9958    0.9950    0.9958    0.9965    0.9954    0.9964    0.9963    0.9952    0.9945    0.9958    0.9953    0.9942    0.9947    0.9938    0.9938    0.9933    0.9928    0.9927    0.9923    0.9930    0.9925    0.9932    0.9924    0.9931    0.9927    0.9933    0.9937    0.9943
  11    0.9946    0.9940    0.9957    0.9952    0.9957    0.9962    0.9960    0.9965    0.9962    0.9967    0.9967    0.9962    0.9964    0.9960    0.9960    0.9955    0.9953    0.9957    0.9953    0.9959    0.9958    0.9949    0.9958    0.9966    0.9953    0.9964    0.9963    0.9952    0.9945    0.9958    0.9953    0.9941    0.9946    0.9936    0.9937    0.9932    0.9926    0.9925    0.9921    0.9928    0.9923    0.9929    0.9922    0.9929    0.9925    0.9931    0.9935    0.9941
  12    0.9936    0.9929    0.9949    0.9943    0.9950    0.9955    0.9953    0.9959    0.9955    0.9961    0.9961    0.9956    0.9958    0.9953    0.9953    0.9947    0.9945    0.9949    0.9945    0.9952    0.9951    0.9940    0.9950    0.9960    0.9945    0.9958    0.9957    0.9943    0.9934    0.9951    0.9945    0.9930    0.9936    0.9924    0.9925    0.9919    0.9911    0.9911    0.9905    0.9914    0.9908    0.9916    0.9907    0.9915    0.9910    0.9918    0.9923    0.9930
  13    0.9928    0.9921    0.9944    0.9937    0.9944    0.9951    0.9948    0.9955    0.9950    0.9957    0.9957    0.9951    0.9954    0.9948    0.9948    0.9942    0.9939    0.9945    0.9941    0.9949    0.9950    0.9935    0.9948    0.9960    0.9942    0.9959    0.9958    0.9940    0.9930    0.9951    0.9943    0.9924    0.9932    0.9917    0.9918    0.9910    0.9901    0.9900    0.9894    0.9903    0.9896    0.9906    0.9895    0.9905    0.9899    0.9908    0.9913    0.9922
  14    0.9935    0.9929    0.9950    0.9944    0.9951    0.9957    0.9955    0.9961    0.9957    0.9963    0.9964    0.9957    0.9960    0.9954    0.9955    0.9948    0.9946    0.9952    0.9947    0.9956    0.9956    0.9942    0.9954    0.9966    0.9948    0.9965    0.9963    0.9947    0.9937    0.9957    0.9949    0.9932    0.9939    0.9925    0.9925    0.9918    0.9909    0.9909    0.9902    0.9912    0.9905    0.9914    0.9904    0.9914    0.9908    0.9916    0.9921    0.9930
  15    0.9943    0.9937    0.9958    0.9951    0.9958    0.9964    0.9962    0.9968    0.9964    0.9970    0.9970    0.9964    0.9967    0.9961    0.9962    0.9956    0.9954    0.9959    0.9954    0.9962    0.9963    0.9950    0.9962    0.9973    0.9956    0.9971    0.9970    0.9954    0.9945    0.9964    0.9957    0.9940    0.9947    0.9933    0.9934    0.9927    0.9918    0.9918    0.9912    0.9921    0.9914    0.9923    0.9914    0.9923    0.9917    0.9925    0.9930    0.9938
  16    0.9943    0.9936    0.9957    0.9951    0.9958    0.9964    0.9962    0.9968    0.9964    0.9970    0.9970    0.9964    0.9967    0.9961    0.9962    0.9955    0.9953    0.9959    0.9954    0.9962    0.9962    0.9949    0.9961    0.9973    0.9955    0.9971    0.9970    0.9954    0.9944    0.9963    0.9956    0.9939    0.9946    0.9932    0.9932    0.9925    0.9917    0.9916    0.9910    0.9919    0.9912    0.9921    0.9912    0.9921    0.9915    0.9924    0.9929    0.9937
  17    0.9942    0.9935    0.9958    0.9951    0.9959    0.9965    0.9963    0.9969    0.9965    0.9971    0.9972    0.9965    0.9968    0.9962    0.9962    0.9956    0.9953    0.9959    0.9954    0.9963    0.9963    0.9949    0.9962    0.9974    0.9956    0.9973    0.9971    0.9954    0.9944    0.9964    0.9957    0.9938    0.9946    0.9931    0.9931    0.9924    0.9915    0.9914    0.9908    0.9918    0.9910    0.9920    0.9909    0.9919    0.9913    0.9922    0.9928    0.9936
  18    0.9942    0.9935    0.9958    0.9951    0.9959    0.9965    0.9963    0.9969    0.9965    0.9971    0.9972    0.9965    0.9968    0.9962    0.9962    0.9956    0.9953    0.9959    0.9954    0.9963    0.9963    0.9949    0.9962    0.9974    0.9956    0.9973    0.9971    0.9954    0.9944    0.9964    0.9957    0.9938    0.9946    0.9931    0.9931    0.9924    0.9915    0.9914    0.9908    0.9918    0.9910    0.9920    0.9909    0.9919    0.9913    0.9922    0.9928    0.9936
  19    0.9934    0.9927    0.9950    0.9943    0.9951    0.9958    0.9955    0.9962    0.9957    0.9964    0.9964    0.9958    0.9961    0.9954    0.9955    0.9948    0.9946    0.9952    0.9947    0.9956    0.9956    0.9941    0.9955    0.9968    0.9948    0.9966    0.9965    0.9947    0.9936    0.9958    0.9950    0.9930    0.9939    0.9923    0.9923    0.9915    0.9906    0.9905    0.9898    0.9909    0.9901    0.9911    0.9900    0.9911    0.9904    0.9913    0.9919    0.9928
  20    0.9929    0.9921    0.9945    0.9938    0.9946    0.9953    0.9950    0.9957    0.9953    0.9960    0.9960    0.9953    0.9956    0.9950    0.9950    0.9943    0.9941    0.9947    0.9942    0.9951    0.9952    0.9937    0.9951    0.9964    0.9944    0.9962    0.9961    0.9942    0.9931    0.9954    0.9945    0.9925    0.9934    0.9917    0.9918    0.9910    0.9900    0.9900    0.9893    0.9903    0.9895    0.9905    0.9894    0.9905    0.9899    0.9908    0.9914    0.9923
  21    0.9920    0.9912    0.9938    0.9930    0.9938    0.9945    0.9943    0.9950    0.9945    0.9952    0.9952    0.9945    0.9949    0.9942    0.9942    0.9935    0.9933    0.9939    0.9934    0.9944    0.9945    0.9929    0.9944    0.9957    0.9937    0.9956    0.9955    0.9935    0.9923    0.9947    0.9938    0.9917    0.9926    0.9909    0.9910    0.9901    0.9891    0.9891    0.9883    0.9894    0.9886    0.9896    0.9885    0.9896    0.9889    0.9899    0.9905    0.9914
  22    0.9920    0.9912    0.9937    0.9930    0.9938    0.9945    0.9942    0.9949    0.9944    0.9952    0.9952    0.9945    0.9948    0.9941    0.9942    0.9935    0.9932    0.9939    0.9934    0.9944    0.9945    0.9928    0.9943    0.9957    0.9936    0.9956    0.9954    0.9935    0.9923    0.9947    0.9938    0.9917    0.9926    0.9908    0.9909    0.9901    0.9890    0.9890    0.9883    0.9893    0.9885    0.9896    0.9884    0.9895    0.9889    0.9898    0.9904    0.9914
  23    0.9915    0.9907    0.9933    0.9925    0.9934    0.9941    0.9938    0.9945    0.9940    0.9948    0.9948    0.9941    0.9944    0.9937    0.9938    0.9930    0.9928    0.9935    0.9930    0.9940    0.9941    0.9925    0.9940    0.9955    0.9933    0.9954    0.9952    0.9931    0.9919    0.9944    0.9935    0.9913    0.9922    0.9904    0.9905    0.9896    0.9885    0.9885    0.9877    0.9888    0.9880    0.9890    0.9879    0.9890    0.9883    0.9893    0.9899    0.9909
  24    0.9904    0.9896    0.9923    0.9915    0.9924    0.9932    0.9929    0.9937    0.9931    0.9939    0.9940    0.9932    0.9936    0.9928    0.9928    0.9921    0.9919    0.9926    0.9921    0.9933    0.9935    0.9916    0.9934    0.9950    0.9925    0.9949    0.9947    0.9924    0.9911    0.9938    0.9928    0.9904    0.9914    0.9894    0.9895    0.9885    0.9873    0.9873    0.9864    0.9876    0.9867    0.9878    0.9866    0.9878    0.9871    0.9881    0.9887    0.9898
  25    0.9883    0.9873    0.9904    0.9895    0.9905    0.9914    0.9910    0.9919    0.9913    0.9922    0.9922    0.9914    0.9918    0.9909    0.9910    0.9901    0.9898    0.9905    0.9899    0.9910    0.9911    0.9892    0.9910    0.9926    0.9901    0.9924    0.9922    0.9899    0.9885    0.9913    0.9903    0.9878    0.9889    0.9868    0.9869    0.9859    0.9847    0.9847    0.9838    0.9851    0.9841    0.9854    0.9840    0.9853    0.9846    0.9857    0.9864    0.9876
  26    0.9874    0.9864    0.9896    0.9886    0.9897    0.9906    0.9903    0.9912    0.9905    0.9915    0.9915    0.9906    0.9910    0.9901    0.9902    0.9893    0.9889    0.9897    0.9890    0.9901    0.9901    0.9882    0.9900    0.9916    0.9891    0.9914    0.9912    0.9889    0.9875    0.9902    0.9892    0.9868    0.9878    0.9858    0.9859    0.9849    0.9837    0.9836    0.9827    0.9841    0.9831    0.9844    0.9830    0.9843    0.9835    0.9847    0.9855    0.9867
  27    0.9869    0.9859    0.9892    0.9882    0.9893    0.9902    0.9898    0.9908    0.9901    0.9911    0.9911    0.9902    0.9906    0.9897    0.9898    0.9889    0.9884    0.9892    0.9885    0.9896    0.9895    0.9877    0.9895    0.9910    0.9886    0.9908    0.9906    0.9884    0.9869    0.9896    0.9886    0.9862    0.9872    0.9852    0.9853    0.9843    0.9831    0.9830    0.9821    0.9835    0.9825    0.9838    0.9824    0.9838    0.9830    0.9842    0.9850    0.9862
  28    1.0000    1.0000    1.0000    1.0000    1.0000    1.0000    1.0000    1.0000    1.0000    1.0000    1.0000    1.0000    1.0000    1.0000    1.0000    1.0000    1.0000    1.0000    1.0000    1.0000    1.0000    1.0000    1.0000    1.0000    1.0000    1.0000    1.0000    1.0000    1.0000    1.0000    1.0000    1.0000    1.0000    1.0000    1.0000    1.0000    1.0000    1.0000    1.0000    1.0000    1.0000    1.0000    1.0000    1.0000    1.0000    1.0000    1.0000    1.0000
  29    0.9999    0.9999    0.9999    0.9999    0.9999    0.9999    0.9999    0.9999    0.9999    0.9999    0.9999    0.9999    0.9999    0.9999    0.9999    0.9999    0.9999    0.9999    0.9999    0.9999    0.9999    0.9999    0.9999    0.9999    0.9999    0.9999    0.9999    0.9999    0.9999    0.9999    0.9999    0.9999    0.9999    0.9999    0.9999    0.9999    0.9999    0.9999    0.9999    0.9999    0.9999    0.9999    0.9999    0.9999    0.9999    0.9999    0.9999    0.9999
  30    0.9998    0.9998    0.9998    0.9998    0.9998    0.9998    0.9998    0.9998    0.9998    0.9999    0.9999    0.9998    0.9998    0.9998    0.9998    0.9998    0.9998    0.9998    0.9998    0.9998    0.9998    0.9998    0.9998    0.9998    0.9998    0.9998    0.9998    0.9998    0.9998    0.9998    0.9998    0.9998    0.9998    0.9998    0.9998    0.9998    0.9998    0.9998    0.9998    0.9998    0.9998    0.9998    0.9998    0.9998    0.9998    0.9998    0.9998    0.9998
  31    0.9998    0.9998    0.9998    0.9998    0.9998    0.9998    0.9998    0.9998    0.9998    0.9998    0.9998    0.9998    0.9998    0.9998    0.9998    0.9998    0.9998    0.9998    0.9998    0.9998    0.9998    0.9998    0.9998    0.9998    0.9998    0.9998    0.9998    0.9998    0.9998    0.9998    0.9998    0.9998    0.9998    0.9997    0.9997    0.9997    0.9997    0.9997    0.9997    0.9997    0.9997    0.9998    0.9997    0.9998    0.9997    0.9998    0.9998    0.9998
  32    0.9997    0.9997    0.9997    0.9997    0.9997    0.9998    0.9997    0.9998    0.9998    0.9998    0.9998    0.9998    0.9998    0.9997    0.9997    0.9997    0.9997    0.9997    0.9997    0.9997    0.9997    0.9997    0.9997    0.9997    0.9997    0.9997    0.9997    0.9997    0.9996    0.9997    0.9996    0.9996    0.9996    0.9996    0.9996    0.9996    0.9996    0.9996    0.9996    0.9996    0.9996    0.9996    0.9996    0.9996    0.9996    0.9996    0.9997    0.9997
  33    0.9995    0.9995    0.9995    0.9995    0.9995    0.9996    0.9996    0.9996    0.9996    0.9996    0.9996    0.9996    0.9996    0.9996    0.9996    0.9995    0.9995    0.9995    0.9995    0.9995    0.9994    0.9994    0.9994    0.9994    0.9994    0.9994    0.9994    0.9994    0.9994    0.9994    0.9994    0.9994    0.9994    0.9994    0.9994    0.9994    0.9994    0.9993    0.9993    0.9994    0.9994    0.9994    0.9994    0.9994    0.9994    0.9994    0.9994    0.9994
  34    0.9992    0.9992    0.9993    0.9993    0.9993    0.9993    0.9993    0.9994    0.9993    0.9994    0.9994    0.9993    0.9993    0.9993    0.9993    0.9993    0.9992    0.9992    0.9992    0.9992    0.9991    0.9991    0.9991    0.9991    0.9991    0.9991    0.9991    0.9991    0.9990    0.9990    0.9990    0.9990    0.9990    0.9990    0.9990    0.9990    0.9990    0.9990    0.9990    0.9990    0.9990    0.9990    0.9990    0.9990    0.9990    0.9991    0.9991    0.9991
  35    0.9991    0.9991    0.9992    0.9992    0.9992    0.9993    0.9993    0.9993    0.9993    0.9993    0.9993    0.9993    0.9993    0.9993    0.9993    0.9992    0.9992    0.9992    0.9991    0.9991    0.9991    0.9991    0.9990    0.9990    0.9990    0.9990    0.9990    0.9990    0.9990    0.9990    0.9990    0.9990    0.9990    0.9989    0.9989    0.9989    0.9989    0.9989    0.9989    0.9990    0.9989    0.9990    0.9989    0.9990    0.9989    0.9990    0.9990    0.9991
  36    0.9999    0.9999    0.9999    0.9999    0.9999    0.9999    0.9999    0.9999    0.9999    0.9999    0.9999    0.9999    0.9999    0.9999    0.9999    0.9999    0.9999    0.9999    0.9999    0.9999    0.9999    0.9999    0.9999    0.9999    0.9999    0.9999    0.9999    0.9999    0.9999    0.9999    0.9999    0.9999    0.9999    0.9999    0.9999    0.9999    0.9999    0.9999    0.9999    0.9999    0.9999    0.9999    0.9999    0.9999    0.9999    0.9999    0.9999    0.9999
  37    0.9986    0.9985    0.9988    0.9987    0.9988    0.9989    0.9989    0.9989    0.9989    0.9990    0.9990    0.9989    0.9989    0.9988    0.9988    0.9987    0.9987    0.9987    0.9985    0.9986    0.9985    0.9984    0.9985    0.9986    0.9985    0.9985    0.9985    0.9984    0.9983    0.9984    0.9984    0.9983    0.9983    0.9983    0.9983    0.9982    0.9982    0.9982    0.9981    0.9983    0.9982    0.9983    0.9982    0.9983    0.9982    0.9983    0.9984    0.9985
  38    0.9944    0.9940    0.9953    0.9949    0.9953    0.9957    0.9955    0.9959    0.9956    0.9960    0.9960    0.9957    0.9958    0.9955    0.9955    0.9951    0.9947    0.9948    0.9943    0.9944    0.9940    0.9938    0.9943    0.9944    0.9941    0.9943    0.9941    0.9940    0.9935    0.9938    0.9937    0.9935    0.9936    0.9933    0.9932    0.9932    0.9930    0.9928    0.9928    0.9933    0.9929    0.9934    0.9929    0.9934    0.9931    0.9936    0.9939    0.9944
  39    0.9936    0.9932    0.9947    0.9942    0.9947    0.9951    0.9950    0.9954    0.9951    0.9955    0.9955    0.9951    0.9953    0.9949    0.9949    0.9945    0.9941    0.9941    0.9936    0.9937    0.9933    0.9930    0.9936    0.9938    0.9934    0.9936    0.9934    0.9932    0.9927    0.9931    0.9930    0.9927    0.9928    0.9924    0.9924    0.9923    0.9921    0.9919    0.9918    0.9924    0.9920    0.9926    0.9919    0.9926    0.9922    0.9927    0.9931    0.9937
  40    0.9955    0.9952    0.9963    0.9960    0.9964    0.9967    0.9966    0.9969    0.9967    0.9970    0.9970    0.9967    0.9968    0.9965    0.9965    0.9962    0.9960    0.9962    0.9959    0.9962    0.9961    0.9955    0.9961    0.9965    0.9958    0.9964    0.9963    0.9957    0.9952    0.9960    0.9957    0.9950    0.9953    0.9947    0.9947    0.9945    0.9941    0.9941    0.9938    0.9943    0.9940    0.9944    0.9939    0.9944    0.9941    0.9946    0.9948    0.9953
  41    0.9955    0.9951    0.9963    0.9960    0.9964    0.9967    0.9966    0.9969    0.9967    0.9970    0.9970    0.9967    0.9968    0.9965    0.9965    0.9962    0.9960    0.9962    0.9959    0.9962    0.9960    0.9955    0.9960    0.9965    0.9958    0.9964    0.9963    0.9957    0.9952    0.9959    0.9957    0.9950    0.9953    0.9947    0.9947    0.9945    0.9941    0.9940    0.9938    0.9943    0.9940    0.9944    0.9939    0.9944    0.9941    0.9946    0.9948    0.9953
  42    0.9948    0.9944    0.9958    0.9954    0.9958    0.9962    0.9960    0.9964    0.9961    0.9965    0.9965    0.9962    0.9964    0.9960    0.9960    0.9956    0.9954    0.9956    0.9952    0.9956    0.9954    0.9948    0.9954    0.9959    0.9951    0.9958    0.9957    0.9950    0.9945    0.9953    0.9950    0.9943    0.9946    0.9940    0.9940    0.9937    0.9933    0.9932    0.9930    0.9935    0.9931    0.9936    0.9930    0.9936    0.9933    0.9938    0.9941    0.9946
  43    0.9943    0.9938    0.9952    0.9948    0.9953    0.9957    0.9955    0.9960    0.9957    0.9961    0.9961    0.9957    0.9959    0.9955    0.9955    0.9951    0.9948    0.9951    0.9947    0.9950    0.9948    0.9942    0.9949    0.9954    0.9946    0.9953    0.9951    0.9944    0.9938    0.9948    0.9944    0.9937    0.9940    0.9933    0.9933    0.9930    0.9926    0.9925    0.9922    0.9928    0.9924    0.9930    0.9923    0.9929    0.9926    0.9931    0.9935    0.9940
  44    0.9935    0.9930    0.9946    0.9941    0.9946    0.9951    0.9949    0.9954    0.9951    0.9955    0.9955    0.9951    0.9953    0.9949    0.9949    0.9944    0.9941    0.9944    0.9939    0.9943    0.9941    0.9934    0.9942    0.9947    0.9938    0.9946    0.9944    0.9937    0.9930    0.9940    0.9937    0.9928    0.9931    0.9924    0.9924    0.9921    0.9916    0.9915    0.9912    0.9919    0.9914    0.9921    0.9913    0.9920    0.9916    0.9922    0.9926    0.9932
  45    0.9928    0.9922    0.9940    0.9934    0.9940    0.9945    0.9943    0.9948    0.9945    0.9950    0.9950    0.9945    0.9948    0.9943    0.9943    0.9938    0.9935    0.9937    0.9932    0.9936    0.9934    0.9927    0.9935    0.9941    0.9931    0.9940    0.9938    0.9930    0.9923    0.9933    0.9929    0.9920    0.9924    0.9916    0.9916    0.9912    0.9908    0.9906    0.9903    0.9911    0.9905    0.9912    0.9905    0.9912    0.9908    0.9914    0.9919    0.9925
  46    0.9888    0.9880    0.9905    0.9898    0.9906    0.9913    0.9911    0.9918    0.9913    0.9921    0.9921    0.9914    0.9917    0.9910    0.9910    0.9903    0.9898    0.9901    0.9894    0.9900    0.9896    0.9886    0.9899    0.9907    0.9893    0.9904    0.9902    0.9891    0.9880    0.9895    0.9890    0.9877    0.9882    0.9871    0.9871    0.9866    0.9859    0.9857    0.9853    0.9864    0.9856    0.9866    0.9855    0.9866    0.9859    0.9869    0.9875    0.9885
  47    0.9868    0.9859    0.9889    0.9880    0.9889    0.9898    0.9895    0.9903    0.9897    0.9906    0.9906    0.9898    0.9902    0.9894    0.9894    0.9886    0.9880    0.9884    0.9875    0.9882    0.9878    0.9866    0.9881    0.9890    0.9874    0.9887    0.9885    0.9872    0.9860    0.9877    0.9871    0.9856    0.9862    0.9849    0.9849    0.9843    0.9836    0.9833    0.9828    0.9841    0.9831    0.9844    0.9830    0.9843    0.9836    0.9847    0.9854    0.9865
  48    0.9860    0.9851    0.9882    0.9873    0.9883    0.9892    0.9889    0.9897    0.9891    0.9900    0.9901    0.9892    0.9896    0.9887    0.9888    0.9879    0.9873    0.9877    0.9868    0.9875    0.9870    0.9858    0.9874    0.9884    0.9867    0.9881    0.9878    0.9864    0.9851    0.9870    0.9863    0.9848    0.9854    0.9840    0.9840    0.9834    0.9826    0.9824    0.9819    0.9832    0.9822    0.9835    0.9821    0.9834    0.9826    0.9838    0.9845    0.9857
  49    0.9839    0.9827    0.9863    0.9852    0.9864    0.9874    0.9871    0.9881    0.9874    0.9884    0.9884    0.9874    0.9879    0.9869    0.9869    0.9859    0.9853    0.9858    0.9848    0.9856    0.9852    0.9837    0.9855    0.9867    0.9847    0.9864    0.9861    0.9844    0.9830    0.9851    0.9843    0.9825    0.9832    0.9816    0.9816    0.9809    0.9799    0.9796    0.9790    0.9805    0.9794    0.9809    0.9793    0.9808    0.9799    0.9813    0.9821    0.9834
  50    0.9810    0.9797    0.9839    0.9827    0.9840    0.9852    0.9848    0.9860    0.9852    0.9864    0.9864    0.9852    0.9858    0.9846    0.9847    0.9835    0.9827    0.9834    0.9822    0.9833    0.9828    0.9809    0.9832    0.9847    0.9823    0.9843    0.9840    0.9819    0.9802    0.9828    0.9819    0.9796    0.9805    0.9785    0.9785    0.9776    0.9764    0.9761    0.9754    0.9771    0.9758    0.9776    0.9757    0.9775    0.9764    0.9780    0.9790    0.9806
  51    0.9811    0.9797    0.9840    0.9827    0.9841    0.9853    0.9848    0.9860    0.9852    0.9864    0.9865    0.9853    0.9858    0.9847    0.9847    0.9835    0.9828    0.9834    0.9823    0.9833    0.9828    0.9810    0.9833    0.9847    0.9823    0.9844    0.9840    0.9819    0.9802    0.9829    0.9819    0.9796    0.9805    0.9785    0.9786    0.9777    0.9765    0.9762    0.9754    0.9772    0.9759    0.9776    0.9757    0.9775    0.9764    0.9780    0.9790    0.9806
  52    0.9812    0.9799    0.9840    0.9828    0.9842    0.9854    0.9849    0.9861    0.9853    0.9865    0.9865    0.9854    0.9859    0.9848    0.9848    0.9836    0.9829    0.9836    0.9824    0.9834    0.9830    0.9811    0.9833    0.9848    0.9824    0.9845    0.9841    0.9820    0.9803    0.9830    0.9820    0.9797    0.9806    0.9786    0.9787    0.9778    0.9766    0.9763    0.9755    0.9773    0.9760    0.9777    0.9758    0.9776    0.9765    0.9781    0.9791    0.9807
  53    0.9817    0.9804    0.9845    0.9833    0.9846    0.9858    0.9854    0.9865    0.9857    0.9869    0.9869    0.9858    0.9863    0.9852    0.9852    0.9841    0.9834    0.9841    0.9830    0.9840    0.9836    0.9817    0.9838    0.9853    0.9829    0.9850    0.9846    0.9825    0.9808    0.9835    0.9825    0.9802    0.9811    0.9791    0.9792    0.9782    0.9770    0.9768    0.9760    0.9777    0.9764    0.9781    0.9763    0.9780    0.9770    0.9785    0.9795    0.9810
  54    0.9841    0.9830    0.9867    0.9856    0.9868    0.9878    0.9875    0.9885    0.9878    0.9889    0.9889    0.9879    0.9884    0.9873    0.9874    0.9863    0.9857    0.9865    0.9855    0.9866    0.9864    0.9845    0.9864    0.9880    0.9855    0.9877    0.9874    0.9853    0.9837    0.9864    0.9854    0.9830    0.9840    0.9820    0.9820    0.9811    0.9799    0.9797    0.9788    0.9804    0.9793    0.9808    0.9791    0.9807    0.9798    0.9812    0.9820    0.9834
  55    0.9945    0.9940    0.9956    0.9951    0.9957    0.9962    0.9960    0.9965    0.9961    0.9966    0.9966    0.9962    0.9964    0.9959    0.9960    0.9955    0.9953    0.9956    0.9953    0.9958    0.9958    0.9948    0.9957    0.9965    0.9953    0.9964    0.9963    0.9952    0.9944    0.9958    0.9953    0.9941    0.9946    0.9936    0.9936    0.9931    0.9925    0.9924    0.9920    0.9927    0.9922    0.9929    0.9921    0.9929    0.9924    0.9931    0.9935    0.9941
  56    0.9945    0.9940    0.9956    0.9951    0.9957    0.9962    0.9960    0.9965    0.9961    0.9966    0.9966    0.9962    0.9964    0.9959    0.9960    0.9955    0.9953    0.9956    0.9953    0.9958    0.9958    0.9948    0.9957    0.9965    0.9953    0.9964    0.9963    0.9952    0.9944    0.9958    0.9953    0.9941    0.9946    0.9936    0.9936    0.9931    0.9925    0.9924    0.9920    0.9927    0.9922    0.9929    0.9921    0.9929    0.9924    0.9931    0.9935    0.9941
  57    0.9933    0.9926    0.9947    0.9941    0.9947    0.9953    0.9951    0.9957    0.9953    0.9959    0.9959    0.9953    0.9956    0.9950    0.9951    0.9945    0.9942    0.9947    0.9942    0.9949    0.9949    0.9937    0.9947    0.9957    0.9942    0.9955    0.9954    0.9940    0.9931    0.9948    0.9942    0.9927    0.9933    0.9921    0.9921    0.9915    0.9908    0.9907    0.9902    0.9911    0.9904    0.9913    0.9903    0.9912    0.9907    0.9915    0.9919    0.9927
  58    0.9933    0.9926    0.9947    0.9941    0.9947    0.9953    0.9951    0.9957    0.9953    0.9959    0.9959    0.9953    0.9956    0.9950    0.9951    0.9945    0.9942    0.9947    0.9942    0.9949    0.9949    0.9937    0.9947    0.9957    0.9942    0.9955    0.9954    0.9940    0.9931    0.9948    0.9942    0.9927    0.9933    0.9921    0.9921    0.9915    0.9908    0.9907    0.9902    0.9911    0.9904    0.9913    0.9903    0.9912    0.9907    0.9915    0.9919    0.9927
  59    1.0000    1.0000    1.0000    1.0000    1.0000    1.0000    1.0000    1.0000    1.0000    1.0000    1.0000    1.0000    1.0000    1.0000    1.0000    1.0000    1.0000    1.0000    1.0000    1.0000    1.0000    1.0000    1.0000    1.0000    1.0000    1.0000    1.0000    1.0000    1.0000    1.0000    1.0000    1.0000    1.0000    1.0000    1.0000    1.0000    1.0000    1.0000    1.0000    1.0000    1.0000    1.0000    1.0000    1.0000    1.0000    1.0000    1.0000    1.0000
  60    1.0001    1.0001    1.0002    1.0001    1.0002    1.0002    1.0002    1.0003    1.0002    1.0003    1.0003    1.0002    1.0002    1.0002    1.0002    1.0002    1.0001    1.0002    1.0001    1.0002    1.0001    1.0001    1.0002    1.0002    1.0001    1.0002    1.0002    1.0001    1.0001    1.0001    1.0001    1.0000    1.0001    1.0000    1.0000    1.0000    0.9999    0.9999    0.9999    1.0000    0.9999    1.0000    0.9999    1.0000    0.9999    1.0000    1.0000    1.0001
  61    0.9999    0.9998    1.0001    1.0000    1.0001    1.0001    1.0001    1.0002    1.0001    1.0002    1.0002    1.0002    1.0002    1.0001    1.0001    1.0000    1.0000    1.0001    1.0000    1.0001    1.0001    0.9999    1.0001    1.0002    1.0000    1.0002    1.0001    1.0000    0.9999    1.0001    1.0000    0.9998    0.9999    0.9997    0.9998    0.9997    0.9996    0.9996    0.9995    0.9996    0.9995    0.9997    0.9995    0.9997    0.9996    0.9997    0.9997    0.9998
  62    0.9998    0.9997    1.0000    0.9999    1.0000    1.0001    1.0000    1.0001    1.0001    1.0001    1.0001    1.0001    1.0001    1.0000    1.0000    0.9999    0.9999    1.0000    0.9999    1.0000    1.0000    0.9998    1.0000    1.0001    0.9999    1.0001    1.0001    0.9999    0.9997    1.0000    0.9999    0.9997    0.9998    0.9996    0.9996    0.9995    0.9994    0.9994    0.9993    0.9995    0.9994    0.9995    0.9994    0.9995    0.9994    0.9995    0.9996    0.9997
  63    0.9998    0.9997    1.0000    0.9999    1.0000    1.0000    1.0000    1.0001    1.0000    1.0001    1.0001    1.0001    1.0001    1.0000    1.0000    0.9999    0.9999    1.0000    0.9999    1.0000    1.0000    0.9998    1.0000    1.0001    0.9999    1.0001    1.0001    0.9999    0.9997    1.0000    0.9999    0.9997    0.9998    0.9996    0.9996    0.9995    0.9994    0.9994    0.9993    0.9994    0.9994    0.9995    0.9993    0.9995    0.9994    0.9995    0.9996    0.9997
  64    0.9969    0.9966    0.9977    0.9974    0.9977    0.9981    0.9979    0.9983    0.9980    0.9984    0.9984    0.9981    0.9982    0.9979    0.9979    0.9976    0.9975    0.9978    0.9976    0.9980    0.9980    0.9973    0.9980    0.9986    0.9977    0.9986    0.9985    0.9976    0.9971    0.9981    0.9978    0.9968    0.9972    0.9965    0.9965    0.9961    0.9956    0.9956    0.9953    0.9958    0.9954    0.9959    0.9954    0.9959    0.9956    0.9960    0.9963    0.9967
  65    0.9958    0.9953    0.9968    0.9963    0.9968    0.9972    0.9971    0.9975    0.9972    0.9976    0.9976    0.9972    0.9974    0.9970    0.9970    0.9966    0.9965    0.9969    0.9966    0.9972    0.9972    0.9963    0.9972    0.9980    0.9968    0.9979    0.9978    0.9967    0.9960    0.9974    0.9969    0.9956    0.9962    0.9951    0.9952    0.9947    0.9941    0.9941    0.9936    0.9942    0.9938    0.9944    0.9937    0.9944    0.9940    0.9945    0.9949    0.9954
  66    0.9956    0.9951    0.9966    0.9962    0.9967    0.9971    0.9970    0.9974    0.9971    0.9975    0.9975    0.9971    0.9973    0.9969    0.9969    0.9965    0.9964    0.9968    0.9965    0.9971    0.9971    0.9961    0.9971    0.9979    0.9966    0.9978    0.9978    0.9966    0.9959    0.9973    0.9968    0.9955    0.9960    0.9950    0.9950    0.9945    0.9939    0.9938    0.9934    0.9940    0.9936    0.9942    0.9935    0.9942    0.9938    0.9943    0.9947    0.9953
  67    0.9956    0.9951    0.9966    0.9962    0.9967    0.9971    0.9969    0.9974    0.9971    0.9975    0.9975    0.9971    0.9973    0.9969    0.9969    0.9965    0.9964    0.9968    0.9965    0.9971    0.9971    0.9961    0.9971    0.9979    0.9966    0.9978    0.9977    0.9965    0.9958    0.9973    0.9967    0.9955    0.9960    0.9949    0.9950    0.9945    0.9938    0.9938    0.9934    0.9940    0.9935    0.9942    0.9935    0.9941    0.9937    0.9943    0.9947    0.9952
  68    0.9954    0.9949    0.9965    0.9960    0.9966    0.9970    0.9969    0.9973    0.9970    0.9975    0.9975    0.9970    0.9972    0.9968    0.9968    0.9964    0.9962    0.9966    0.9963    0.9969    0.9970    0.9959    0.9969    0.9978    0.9965    0.9977    0.9976    0.9964    0.9956    0.9971    0.9966    0.9952    0.9958    0.9947    0.9948    0.9942    0.9936    0.9935    0.9931    0.9938    0.9932    0.9939    0.9932    0.9939    0.9935    0.9941    0.9945    0.9951
  69    0.9954    0.9949    0.9965    0.9960    0.9966    0.9970    0.9968    0.9973    0.9970    0.9975    0.9975    0.9970    0.9972    0.9968    0.9968    0.9964    0.9962    0.9966    0.9963    0.9969    0.9970    0.9959    0.9969    0.9978    0.9965    0.9977    0.9976    0.9964    0.9956    0.9971    0.9966    0.9952    0.9958    0.9947    0.9948    0.9942    0.9936    0.9935    0.9931    0.9937    0.9932    0.9939    0.9932    0.9939    0.9935    0.9941    0.9944    0.9951

Ano =    5

   1    1.0000    1.0000    1.0000    1.0000    1.0000    1.0000    1.0000    1.0000    1.0000    1.0000    1.0000    1.0000    1.0000    1.0000    1.0000    1.0000    1.0000    1.0000    1.0000    1.0000    1.0000    1.0000    1.0000    1.0000    1.0000    1.0000    1.0000    1.0000    1.0000    1.0000    1.0000    1.0000    1.0000    1.0000    1.0000    1.0000    1.0000    1.0000    1.0000    1.0000    1.0000    1.0000    1.0000    1.0000    1.0000    1.0000    1.0000    1.0000
   2    1.0000    1.0000    1.0000    1.0000    1.0000    1.0000    1.0000    1.0000    1.0000    1.0000    1.0000    1.0000    1.0000    1.0000    1.0000    1.0000    1.0000    1.0000    1.0000    1.0000    1.0000    1.0000    1.0000    1.0000    1.0000    1.0000    1.0000    1.0000    1.0000    1.0000    1.0000    1.0000    1.0000    1.0000    1.0000    1.0000    1.0000    1.0000    1.0000    1.0000    1.0000    1.0000    1.0000    1.0000    1.0000    1.0000    1.0000    1.0000
   3    1.0000    1.0000    1.0000    1.0000    1.0000    1.0000    1.0000    1.0000    1.0000    1.0000    1.0000    1.0000    1.0000    1.0000    1.0000    1.0000    1.0000    1.0000    1.0000    1.0000    1.0000    1.0000    1.0000    1.0000    1.0000    1.0000    1.0000    1.0000    1.0000    1.0000    1.0000    1.0000    1.0000    1.0000    1.0000    1.0000    1.0000    1.0000    1.0000    1.0000    1.0000    1.0000    1.0000    1.0000    1.0000    1.0000    1.0000    1.0000
   4    0.9999    0.9999    1.0000    0.9999    1.0000    1.0000    1.0000    1.0000    1.0000    1.0000    1.0000    1.0000    1.0000    1.0000    1.0000    0.9999    0.9999    0.9999    0.9999    0.9999    0.9999    0.9999    0.9999    0.9999    0.9999    0.9999    0.9999    0.9999    0.9999    0.9999    0.9999    0.9999    0.9999    0.9999    0.9999    0.9999    0.9999    0.9999    0.9999    0.9999    0.9999    0.9999    0.9999    0.9999    0.9999    0.9999    0.9999    0.9999
   5    0.9998    0.9998    0.9998    0.9998    0.9998    0.9998    0.9998    0.9999    0.9998    0.9999    0.9999    0.9998    0.9999    0.9998    0.9998    0.9998    0.9998    0.9998    0.9998    0.9998    0.9998    0.9998    0.9998    0.9998    0.9998    0.9998    0.9998    0.9998    0.9998    0.9998    0.9998    0.9997    0.9998    0.9997    0.9997    0.9997    0.9997    0.9997    0.9997    0.9997    0.9997    0.9997    0.9997    0.9997    0.9997    0.9997    0.9998    0.9998
   6    0.9977    0.9976    0.9981    0.9980    0.9982    0.9983    0.9983    0.9984    0.9983    0.9985    0.9985    0.9983    0.9984    0.9982    0.9982    0.9981    0.9980    0.9981    0.9979    0.9980    0.9980    0.9977    0.9980    0.9981    0.9978    0.9981    0.9980    0.9978    0.9975    0.9979    0.9978    0.9975    0.9976    0.9973    0.9973    0.9972    0.9971    0.9970    0.9969    0.9971    0.9970    0.9972    0.9969    0.9972    0.9970    0.9973    0.9974    0.9976
   7    0.9956    0.9953    0.9964    0.9960    0.9964    0.9967    0.9966    0.9969    0.9967    0.9970    0.9970    0.9967    0.9969    0.9966    0.9966    0.9963    0.9961    0.9962    0.9959    0.9962    0.9961    0.9956    0.9960    0.9964    0.9958    0.9963    0.9962    0.9957    0.9952    0.9959    0.9957    0.9951    0.9953    0.9948    0.9948    0.9946    0.9943    0.9942    0.9940    0.9945    0.9941    0.9946    0.9941    0.9946    0.9943    0.9947    0.9950    0.9954
   8    0.9951    0.9948    0.9960    0.9956    0.9960    0.9964    0.9962    0.9966    0.9963    0.9967    0.9967    0.9964    0.9965    0.9962    0.9962    0.9959    0.9956    0.9958    0.9955    0.9958    0.9956    0.9951    0.9956    0.9960    0.9953    0.9959    0.9958    0.9952    0.9947    0.9955    0.9952    0.9946    0.9948    0.9943    0.9943    0.9940    0.9937    0.9936    0.9933    0.9939    0.9935    0.9940    0.9934    0.9940    0.9937    0.9941    0.9944    0.9949
   9    0.9949    0.9945    0.9958    0.9954    0.9958    0.9962    0.9961    0.9964    0.9962    0.9966    0.9966    0.9962    0.9964    0.9960    0.9960    0.9957    0.9954    0.9957    0.9953    0.9956    0.9955    0.9949    0.9954    0.9959    0.9951    0.9958    0.9957    0.9950    0.9945    0.9953    0.9950    0.9943    0.9946    0.9940    0.9940    0.9937    0.9934    0.9933    0.9930    0.9936    0.9932    0.9937    0.9931    0.9937    0.9934    0.9939    0.9942    0.9946
  10    0.9941    0.9936    0.9952    0.9948    0.9953    0.9958    0.9956    0.9961    0.9957    0.9962    0.9963    0.9958    0.9960    0.9955    0.9956    0.9951    0.9949    0.9952    0.9948    0.9953    0.9952    0.9943    0.9951    0.9958    0.9947    0.9957    0.9956    0.9946    0.9938    0.9951    0.9947    0.9935    0.9940    0.9931    0.9931    0.9926    0.9921    0.9920    0.9916    0.9923    0.9918    0.9925    0.9917    0.9925    0.9920    0.9927    0.9930    0.9937
  11    0.9940    0.9934    0.9952    0.9946    0.9952    0.9957    0.9955    0.9960    0.9957    0.9962    0.9962    0.9957    0.9960    0.9955    0.9955    0.9950    0.9948    0.9951    0.9947    0.9953    0.9952    0.9942    0.9951    0.9959    0.9946    0.9957    0.9956    0.9945    0.9937    0.9951    0.9946    0.9934    0.9939    0.9929    0.9929    0.9924    0.9918    0.9917    0.9913    0.9921    0.9915    0.9922    0.9914    0.9922    0.9918    0.9924    0.9928    0.9935
  12    0.9928    0.9922    0.9943    0.9937    0.9943    0.9949    0.9947    0.9953    0.9949    0.9955    0.9955    0.9950    0.9952    0.9947    0.9947    0.9941    0.9938    0.9943    0.9938    0.9944    0.9944    0.9932    0.9942    0.9951    0.9936    0.9950    0.9949    0.9935    0.9926    0.9942    0.9936    0.9922    0.9928    0.9915    0.9916    0.9910    0.9902    0.9901    0.9896    0.9905    0.9899    0.9907    0.9898    0.9907    0.9902    0.9909    0.9914    0.9922
  13    0.9920    0.9913    0.9936    0.9929    0.9937    0.9944    0.9942    0.9948    0.9944    0.9951    0.9951    0.9944    0.9947    0.9941    0.9941    0.9934    0.9932    0.9937    0.9932    0.9941    0.9941    0.9926    0.9939    0.9951    0.9932    0.9950    0.9948    0.9931    0.9920    0.9941    0.9933    0.9914    0.9922    0.9907    0.9907    0.9900    0.9891    0.9890    0.9883    0.9894    0.9886    0.9896    0.9885    0.9896    0.9889    0.9898    0.9904    0.9913
  14    0.9928    0.9920    0.9943    0.9937    0.9944    0.9951    0.9948    0.9955    0.9950    0.9957    0.9957    0.9951    0.9954    0.9948    0.9948    0.9941    0.9939    0.9944    0.9939    0.9947    0.9947    0.9934    0.9945    0.9957    0.9939    0.9956    0.9954    0.9938    0.9927    0.9947    0.9940    0.9922    0.9930    0.9915    0.9915    0.9908    0.9899    0.9899    0.9892    0.9902    0.9895    0.9905    0.9894    0.9904    0.9898    0.9907    0.9912    0.9921
  15    0.9936    0.9929    0.9951    0.9944    0.9952    0.9958    0.9956    0.9962    0.9958    0.9964    0.9964    0.9958    0.9961    0.9955    0.9955    0.9949    0.9946    0.9952    0.9947    0.9955    0.9954    0.9941    0.9953    0.9964    0.9947    0.9963    0.9961    0.9946    0.9936    0.9954    0.9947    0.9931    0.9938    0.9924    0.9924    0.9917    0.9909    0.9908    0.9902    0.9912    0.9905    0.9914    0.9904    0.9914    0.9908    0.9916    0.9922    0.9930
  16    0.9935    0.9928    0.9950    0.9944    0.9951    0.9958    0.9955    0.9962    0.9957    0.9964    0.9964    0.9958    0.9961    0.9955    0.9955    0.9949    0.9946    0.9951    0.9946    0.9954    0.9954    0.9940    0.9952    0.9964    0.9946    0.9962    0.9961    0.9945    0.9934    0.9954    0.9947    0.9929    0.9937    0.9922    0.9923    0.9916    0.9907    0.9906    0.9900    0.9910    0.9903    0.9912    0.9902    0.9912    0.9906    0.9915    0.9920    0.9929
  17    0.9934    0.9926    0.9951    0.9943    0.9951    0.9958    0.9956    0.9962    0.9958    0.9965    0.9965    0.9958    0.9962    0.9955    0.9955    0.9948    0.9945    0.9951    0.9946    0.9954    0.9954    0.9940    0.9952    0.9964    0.9946    0.9963    0.9961    0.9944    0.9933    0.9954    0.9947    0.9928    0.9936    0.9920    0.9921    0.9914    0.9904    0.9904    0.9897    0.9908    0.9900    0.9910    0.9899    0.9910    0.9903    0.9912    0.9918    0.9927
  18    0.9934    0.9926    0.9951    0.9943    0.9951    0.9958    0.9956    0.9962    0.9958    0.9965    0.9965    0.9958    0.9962    0.9955    0.9955    0.9948    0.9945    0.9951    0.9946    0.9954    0.9954    0.9940    0.9952    0.9965    0.9946    0.9963    0.9961    0.9944    0.9933    0.9954    0.9947    0.9928    0.9936    0.9920    0.9921    0.9914    0.9904    0.9904    0.9897    0.9908    0.9900    0.9910    0.9899    0.9910    0.9903    0.9912    0.9918    0.9927
  19    0.9926    0.9918    0.9943    0.9935    0.9943    0.9951    0.9948    0.9955    0.9950    0.9958    0.9958    0.9951    0.9954    0.9947    0.9948    0.9941    0.9938    0.9944    0.9938    0.9947    0.9947    0.9932    0.9945    0.9958    0.9939    0.9957    0.9955    0.9937    0.9926    0.9947    0.9939    0.9920    0.9928    0.9912    0.9913    0.9905    0.9895    0.9895    0.9888    0.9898    0.9890    0.9901    0.9889    0.9900    0.9894    0.9903    0.9909    0.9919
  20    0.9920    0.9912    0.9938    0.9930    0.9938    0.9946    0.9943    0.9950    0.9945    0.9953    0.9953    0.9946    0.9949    0.9942    0.9943    0.9935    0.9932    0.9939    0.9933    0.9942    0.9942    0.9927    0.9941    0.9954    0.9934    0.9952    0.9951    0.9932    0.9921    0.9943    0.9935    0.9915    0.9923    0.9907    0.9907    0.9899    0.9889    0.9889    0.9882    0.9892    0.9884    0.9895    0.9883    0.9895    0.9888    0.9898    0.9904    0.9913
  21    0.9911    0.9903    0.9929    0.9922    0.9930    0.9938    0.9935    0.9943    0.9937    0.9945    0.9945    0.9938    0.9942    0.9934    0.9935    0.9927    0.9924    0.9931    0.9925    0.9935    0.9935    0.9919    0.9933    0.9947    0.9926    0.9946    0.9944    0.9924    0.9912    0.9936    0.9927    0.9906    0.9915    0.9898    0.9898    0.9890    0.9880    0.9879    0.9872    0.9883    0.9875    0.9885    0.9874    0.9885    0.9878    0.9888    0.9894    0.9905
  22    0.9911    0.9903    0.9929    0.9921    0.9930    0.9937    0.9935    0.9942    0.9937    0.9945    0.9945    0.9938    0.9941    0.9934    0.9934    0.9927    0.9924    0.9930    0.9925    0.9935    0.9935    0.9919    0.9933    0.9947    0.9926    0.9945    0.9944    0.9924    0.9912    0.9936    0.9927    0.9906    0.9915    0.9897    0.9898    0.9890    0.9879    0.9879    0.9871    0.9882    0.9874    0.9885    0.9873    0.9885    0.9878    0.9888    0.9894    0.9904
  23    0.9906    0.9897    0.9924    0.9916    0.9925    0.9933    0.9930    0.9938    0.9933    0.9941    0.9941    0.9933    0.9937    0.9929    0.9930    0.9922    0.9919    0.9926    0.9921    0.9931    0.9931    0.9914    0.9930    0.9944    0.9922    0.9943    0.9941    0.9920    0.9908    0.9933    0.9924    0.9901    0.9911    0.9892    0.9893    0.9884    0.9873    0.9873    0.9865    0.9876    0.9868    0.9879    0.9867    0.9879    0.9872    0.9882    0.9888    0.9899
  24    0.9895    0.9886    0.9914    0.9906    0.9915    0.9924    0.9921    0.9929    0.9923    0.9932    0.9932    0.9924    0.9928    0.9920    0.9920    0.9912    0.9909    0.9917    0.9911    0.9923    0.9924    0.9905    0.9922    0.9939    0.9914    0.9937    0.9936    0.9912    0.9899    0.9927    0.9916    0.9892    0.9902    0.9882    0.9883    0.9873    0.9860    0.9860    0.9851    0.9864    0.9855    0.9866    0.9853    0.9866    0.9859    0.9870    0.9876    0.9887
  25    0.9872    0.9862    0.9894    0.9885    0.9895    0.9904    0.9901    0.9910    0.9904    0.9913    0.9914    0.9904    0.9909    0.9900    0.9900    0.9891    0.9887    0.9895    0.9888    0.9899    0.9899    0.9880    0.9897    0.9913    0.9889    0.9911    0.9909    0.9887    0.9872    0.9899    0.9889    0.9865    0.9875    0.9855    0.9856    0.9846    0.9834    0.9833    0.9824    0.9838    0.9828    0.9841    0.9826    0.9840    0.9832    0.9844    0.9852    0.9864
  26    0.9863    0.9852    0.9886    0.9876    0.9887    0.9896    0.9893    0.9902    0.9896    0.9906    0.9906    0.9897    0.9901    0.9892    0.9892    0.9883    0.9878    0.9886    0.9878    0.9889    0.9888    0.9869    0.9887    0.9903    0.9878    0.9901    0.9898    0.9876    0.9861    0.9888    0.9878    0.9854    0.9864    0.9844    0.9844    0.9835    0.9822    0.9821    0.9813    0.9827    0.9816    0.9830    0.9815    0.9830    0.9821    0.9834    0.9842    0.9855
  27    0.9858    0.9847    0.9881    0.9871    0.9882    0.9892    0.9888    0.9898    0.9891    0.9902    0.9902    0.9892    0.9897    0.9887    0.9888    0.9878    0.9873    0.9881    0.9873    0.9884    0.9883    0.9864    0.9881    0.9897    0.9872    0.9895    0.9892    0.9870    0.9855    0.9882    0.9872    0.9848    0.9858    0.9838    0.9838    0.9829    0.9816    0.9815    0.9807    0.9821    0.9810    0.9825    0.9809    0.9824    0.9815    0.9828    0.9836    0.9849
  28    1.0000    1.0000    1.0000    1.0000    1.0000    1.0000    1.0000    1.0000    1.0000    1.0000    1.0000    1.0000    1.0000    1.0000    1.0000    1.0000    1.0000    1.0000    1.0000    1.0000    1.0000    1.0000    1.0000    1.0000    1.0000    1.0000    1.0000    1.0000    1.0000    1.0000    1.0000    1.0000    1.0000    1.0000    1.0000    1.0000    1.0000    1.0000    1.0000    1.0000    1.0000    1.0000    1.0000    1.0000    1.0000    1.0000    1.0000    1.0000
  29    0.9999    0.9999    0.9999    0.9999    0.9999    0.9999    0.9999    0.9999    0.9999    0.9999    0.9999    0.9999    0.9999    0.9999    0.9999    0.9999    0.9999    0.9999    0.9999    0.9999    0.9999    0.9999    0.9999    0.9999    0.9999    0.9999    0.9999    0.9999    0.9999    0.9999    0.9999    0.9999    0.9999    0.9999    0.9999    0.9999    0.9999    0.9999    0.9999    0.9999    0.9999    0.9999    0.9999    0.9999    0.9999    0.9999    0.9999    0.9999
  30    0.9998    0.9998    0.9998    0.9998    0.9998    0.9998    0.9998    0.9998    0.9998    0.9998    0.9998    0.9998    0.9998    0.9998    0.9998    0.9998    0.9998    0.9998    0.9998    0.9998    0.9998    0.9998    0.9998    0.9998    0.9998    0.9998    0.9998    0.9998    0.9998    0.9998    0.9998    0.9998    0.9998    0.9998    0.9998    0.9997    0.9997    0.9997    0.9997    0.9998    0.9997    0.9998    0.9997    0.9998    0.9997    0.9998    0.9998    0.9998
  31    0.9998    0.9998    0.9998    0.9998    0.9998    0.9998    0.9998    0.9998    0.9998    0.9998    0.9998    0.9998    0.9998    0.9998    0.9998    0.9998    0.9998    0.9998    0.9998    0.9998    0.9998    0.9998    0.9998    0.9998    0.9998    0.9998    0.9998    0.9997    0.9997    0.9997    0.9997    0.9997    0.9997    0.9997    0.9997    0.9997    0.9997    0.9997    0.9997    0.9997    0.9997    0.9997    0.9997    0.9997    0.9997    0.9997    0.9997    0.9998
  32    0.9997    0.9997    0.9997    0.9997    0.9997    0.9997    0.9997    0.9997    0.9997    0.9998    0.9998    0.9997    0.9997    0.9997    0.9997    0.9997    0.9997    0.9997    0.9997    0.9997    0.9997    0.9997    0.9997    0.9997    0.9996    0.9996    0.9996    0.9996    0.9996    0.9996    0.9996    0.9996    0.9996    0.9996    0.9996    0.9996    0.9996    0.9996    0.9996    0.9996    0.9996    0.9996    0.9996    0.9996    0.9996    0.9996    0.9996    0.9997
  33    0.9995    0.9994    0.9995    0.9995    0.9995    0.9995    0.9995    0.9996    0.9995    0.9996    0.9996    0.9995    0.9996    0.9995    0.9995    0.9995    0.9995    0.9995    0.9994    0.9994    0.9994    0.9994    0.9994    0.9994    0.9994    0.9994    0.9994    0.9994    0.9993    0.9994    0.9993    0.9993    0.9993    0.9993    0.9993    0.9993    0.9993    0.9993    0.9993    0.9993    0.9993    0.9993    0.9993    0.9993    0.9993    0.9994    0.9994    0.9994
  34    0.9992    0.9991    0.9992    0.9992    0.9993    0.9993    0.9993    0.9993    0.9993    0.9993    0.9993    0.9993    0.9993    0.9993    0.9993    0.9992    0.9992    0.9992    0.9991    0.9991    0.9991    0.9991    0.9990    0.9991    0.9990    0.9990    0.9990    0.9990    0.9990    0.9990    0.9990    0.9990    0.9990    0.9990    0.9990    0.9990    0.9990    0.9989    0.9989    0.9990    0.9989    0.9990    0.9989    0.9990    0.9990    0.9990    0.9990    0.9991
  35    0.9991    0.9991    0.9992    0.9992    0.9992    0.9992    0.9992    0.9993    0.9992    0.9993    0.9993    0.9992    0.9993    0.9992    0.9992    0.9992    0.9991    0.9991    0.9991    0.9991    0.9990    0.9990    0.9990    0.9990    0.9990    0.9990    0.9989    0.9989    0.9989    0.9989    0.9989    0.9989    0.9989    0.9989    0.9989    0.9989    0.9989    0.9989    0.9989    0.9989    0.9989    0.9989    0.9989    0.9989    0.9989    0.9989    0.9990    0.9990
  36    0.9999    0.9999    0.9999    0.9999    0.9999    0.9999    0.9999    0.9999    0.9999    0.9999    0.9999    0.9999    0.9999    0.9999    0.9999    0.9999    0.9999    0.9999    0.9999    0.9999    0.9999    0.9999    0.9999    0.9999    0.9999    0.9999    0.9999    0.9999    0.9999    0.9999    0.9999    0.9999    0.9999    0.9999    0.9999    0.9999    0.9998    0.9998    0.9998    0.9999    0.9998    0.9999    0.9998    0.9999    0.9998    0.9999    0.9999    0.9999
  37    0.9984    0.9983    0.9987    0.9986    0.9987    0.9988    0.9988    0.9989    0.9988    0.9989    0.9989    0.9988    0.9988    0.9987    0.9987    0.9986    0.9985    0.9986    0.9984    0.9985    0.9984    0.9983    0.9984    0.9984    0.9984    0.9984    0.9984    0.9983    0.9982    0.9983    0.9982    0.9982    0.9982    0.9981    0.9981    0.9981    0.9981    0.9980    0.9980    0.9981    0.9980    0.9982    0.9980    0.9982    0.9981    0.9982    0.9983    0.9984
  38    0.9939    0.9935    0.9949    0.9945    0.9949    0.9953    0.9951    0.9955    0.9953    0.9957    0.9957    0.9953    0.9955    0.9951    0.9951    0.9947    0.9943    0.9944    0.9939    0.9939    0.9935    0.9933    0.9938    0.9939    0.9936    0.9938    0.9936    0.9934    0.9929    0.9933    0.9932    0.9929    0.9930    0.9927    0.9927    0.9926    0.9925    0.9922    0.9922    0.9928    0.9923    0.9929    0.9923    0.9929    0.9925    0.9930    0.9934    0.9939
  39    0.9931    0.9926    0.9942    0.9937    0.9942    0.9947    0.9945    0.9950    0.9947    0.9951    0.9951    0.9947    0.9949    0.9945    0.9945    0.9940    0.9936    0.9936    0.9931    0.9932    0.9927    0.9924    0.9930    0.9932    0.9928    0.9930    0.9928    0.9926    0.9920    0.9925    0.9923    0.9920    0.9921    0.9918    0.9917    0.9916    0.9915    0.9912    0.9912    0.9918    0.9913    0.9920    0.9913    0.9920    0.9915    0.9921    0.9925    0.9931
  40    0.9951    0.9947    0.9959    0.9956    0.9960    0.9963    0.9962    0.9966    0.9963    0.9967    0.9967    0.9963    0.9965    0.9962    0.9962    0.9958    0.9956    0.9958    0.9955    0.9957    0.9956    0.9951    0.9956    0.9960    0.9953    0.9959    0.9958    0.9952    0.9947    0.9955    0.9952    0.9945    0.9948    0.9942    0.9942    0.9940    0.9936    0.9935    0.9933    0.9938    0.9934    0.9939    0.9934    0.9939    0.9936    0.9941    0.9944    0.9948
  41    0.9951    0.9947    0.9959    0.9956    0.9960    0.9963    0.9962    0.9965    0.9963    0.9967    0.9967    0.9963    0.9965    0.9962    0.9962    0.9958    0.9956    0.9958    0.9954    0.9957    0.9956    0.9951    0.9956    0.9960    0.9953    0.9959    0.9958    0.9952    0.9947    0.9954    0.9952    0.9945    0.9948    0.9942    0.9942    0.9939    0.9936    0.9935    0.9933    0.9938    0.9934    0.9939    0.9934    0.9939    0.9936    0.9941    0.9944    0.9948
  42    0.9944    0.9939    0.9953    0.9949    0.9954    0.9958    0.9956    0.9960    0.9957    0.9962    0.9962    0.9958    0.9960    0.9956    0.9956    0.9952    0.9949    0.9952    0.9948    0.9951    0.9949    0.9943    0.9949    0.9954    0.9946    0.9953    0.9951    0.9945    0.9939    0.9948    0.9944    0.9937    0.9940    0.9934    0.9934    0.9931    0.9927    0.9926    0.9924    0.9929    0.9925    0.9931    0.9925    0.9931    0.9927    0.9932    0.9936    0.9941
  43    0.9937    0.9933    0.9948    0.9943    0.9948    0.9953    0.9951    0.9955    0.9952    0.9957    0.9957    0.9953    0.9955    0.9951    0.9951    0.9946    0.9943    0.9946    0.9941    0.9945    0.9943    0.9937    0.9943    0.9948    0.9940    0.9947    0.9945    0.9938    0.9932    0.9941    0.9938    0.9930    0.9933    0.9926    0.9926    0.9923    0.9919    0.9918    0.9916    0.9922    0.9917    0.9923    0.9917    0.9923    0.9919    0.9925    0.9929    0.9934
  44    0.9929    0.9924    0.9941    0.9936    0.9941    0.9946    0.9944    0.9949    0.9946    0.9951    0.9951    0.9946    0.9948    0.9944    0.9944    0.9939    0.9936    0.9938    0.9933    0.9937    0.9935    0.9928    0.9935    0.9941    0.9932    0.9939    0.9938    0.9930    0.9923    0.9933    0.9929    0.9921    0.9924    0.9917    0.9917    0.9914    0.9909    0.9908    0.9905    0.9912    0.9907    0.9914    0.9906    0.9914    0.9909    0.9916    0.9920    0.9926
  45    0.9921    0.9915    0.9934    0.9929    0.9935    0.9940    0.9938    0.9943    0.9940    0.9945    0.9945    0.9940    0.9943    0.9937    0.9938    0.9932    0.9929    0.9931    0.9926    0.9930    0.9927    0.9920    0.9928    0.9934    0.9924    0.9932    0.9931    0.9922    0.9915    0.9926    0.9922    0.9913    0.9916    0.9908    0.9908    0.9905    0.9900    0.9898    0.9895    0.9903    0.9897    0.9905    0.9897    0.9905    0.9900    0.9907    0.9911    0.9918
  46    0.9879    0.9870    0.9897    0.9889    0.9898    0.9906    0.9903    0.9911    0.9905    0.9913    0.9914    0.9906    0.9910    0.9902    0.9902    0.9895    0.9889    0.9893    0.9885    0.9890    0.9886    0.9876    0.9888    0.9896    0.9883    0.9894    0.9891    0.9880    0.9869    0.9884    0.9879    0.9866    0.9871    0.9860    0.9860    0.9855    0.9848    0.9846    0.9841    0.9853    0.9844    0.9855    0.9843    0.9855    0.9848    0.9858    0.9865    0.9875
  47    0.9858    0.9848    0.9879    0.9870    0.9880    0.9889    0.9886    0.9895    0.9888    0.9898    0.9898    0.9889    0.9893    0.9885    0.9885    0.9876    0.9869    0.9874    0.9864    0.9871    0.9866    0.9854    0.9869    0.9878    0.9862    0.9875    0.9872    0.9859    0.9847    0.9864    0.9858    0.9843    0.9849    0.9836    0.9836    0.9830    0.9822    0.9820    0.9815    0.9828    0.9818    0.9831    0.9817    0.9831    0.9823    0.9834    0.9842    0.9854
  48    0.9849    0.9839    0.9872    0.9862    0.9873    0.9882    0.9879    0.9888    0.9882    0.9892    0.9892    0.9883    0.9887    0.9878    0.9878    0.9869    0.9862    0.9866    0.9857    0.9863    0.9858    0.9846    0.9861    0.9871    0.9854    0.9868    0.9865    0.9851    0.9838    0.9856    0.9850    0.9834    0.9840    0.9827    0.9826    0.9820    0.9813    0.9809    0.9804    0.9818    0.9808    0.9822    0.9807    0.9821    0.9813    0.9825    0.9833    0.9845
  49    0.9826    0.9814    0.9852    0.9841    0.9853    0.9864    0.9860    0.9870    0.9863    0.9874    0.9874    0.9864    0.9869    0.9858    0.9859    0.9848    0.9841    0.9846    0.9835    0.9843    0.9838    0.9823    0.9841    0.9853    0.9833    0.9849    0.9846    0.9829    0.9814    0.9836    0.9828    0.9810    0.9817    0.9800    0.9800    0.9793    0.9783    0.9780    0.9774    0.9790    0.9778    0.9794    0.9777    0.9793    0.9783    0.9798    0.9806    0.9821
  50    0.9795    0.9781    0.9826    0.9813    0.9827    0.9840    0.9835    0.9848    0.9839    0.9852    0.9852    0.9840    0.9846    0.9834    0.9834    0.9822    0.9813    0.9820    0.9807    0.9817    0.9812    0.9793    0.9815    0.9830    0.9806    0.9826    0.9822    0.9802    0.9783    0.9810    0.9800    0.9778    0.9787    0.9767    0.9767    0.9758    0.9746    0.9742    0.9735    0.9753    0.9740    0.9758    0.9738    0.9757    0.9746    0.9762    0.9773    0.9790
  51    0.9796    0.9782    0.9826    0.9813    0.9828    0.9840    0.9836    0.9848    0.9840    0.9853    0.9853    0.9841    0.9846    0.9834    0.9834    0.9822    0.9813    0.9820    0.9808    0.9818    0.9812    0.9794    0.9816    0.9830    0.9806    0.9826    0.9822    0.9802    0.9784    0.9811    0.9801    0.9778    0.9787    0.9767    0.9767    0.9758    0.9746    0.9743    0.9735    0.9754    0.9740    0.9758    0.9738    0.9757    0.9746    0.9763    0.9773    0.9790
  52    0.9797    0.9783    0.9827    0.9814    0.9829    0.9841    0.9837    0.9849    0.9840    0.9853    0.9854    0.9841    0.9847    0.9835    0.9835    0.9823    0.9815    0.9821    0.9809    0.9819    0.9814    0.9795    0.9817    0.9831    0.9807    0.9827    0.9824    0.9803    0.9785    0.9812    0.9802    0.9779    0.9788    0.9768    0.9768    0.9759    0.9747    0.9744    0.9736    0.9755    0.9741    0.9759    0.9739    0.9758    0.9747    0.9764    0.9774    0.9791
  53    0.9802    0.9789    0.9832    0.9819    0.9833    0.9846    0.9841    0.9853    0.9845    0.9858    0.9858    0.9846    0.9852    0.9840    0.9840    0.9828    0.9820    0.9827    0.9815    0.9825    0.9820    0.9802    0.9822    0.9837    0.9812    0.9833    0.9829    0.9808    0.9790    0.9818    0.9808    0.9784    0.9794    0.9773    0.9773    0.9764    0.9752    0.9749    0.9741    0.9760    0.9746    0.9764    0.9744    0.9763    0.9752    0.9768    0.9778    0.9795
  54    0.9828    0.9816    0.9855    0.9843    0.9856    0.9867    0.9863    0.9874    0.9867    0.9878    0.9879    0.9868    0.9873    0.9862    0.9862    0.9851    0.9845    0.9852    0.9842    0.9853    0.9850    0.9831    0.9849    0.9865    0.9840    0.9862    0.9859    0.9837    0.9820    0.9848    0.9838    0.9814    0.9824    0.9803    0.9804    0.9794    0.9782    0.9780    0.9772    0.9788    0.9776    0.9792    0.9774    0.9791    0.9781    0.9796    0.9805    0.9820
  55    0.9939    0.9934    0.9951    0.9946    0.9952    0.9957    0.9955    0.9960    0.9956    0.9962    0.9962    0.9957    0.9959    0.9954    0.9955    0.9950    0.9947    0.9951    0.9947    0.9952    0.9951    0.9942    0.9950    0.9958    0.9946    0.9957    0.9956    0.9945    0.9937    0.9951    0.9946    0.9933    0.9938    0.9928    0.9928    0.9924    0.9918    0.9917    0.9913    0.9920    0.9915    0.9922    0.9914    0.9921    0.9917    0.9924    0.9928    0.9934
  56    0.9939    0.9934    0.9951    0.9946    0.9952    0.9957    0.9955    0.9960    0.9956    0.9962    0.9962    0.9957    0.9959    0.9954    0.9955    0.9950    0.9947    0.9951    0.9947    0.9952    0.9951    0.9942    0.9950    0.9958    0.9946    0.9957    0.9956    0.9945    0.9937    0.9951    0.9946    0.9933    0.9938    0.9928    0.9928    0.9924    0.9918    0.9917    0.9913    0.9920    0.9915    0.9922    0.9914    0.9921    0.9917    0.9924    0.9928    0.9934
  57    0.9926    0.9919    0.9940    0.9934    0.9941    0.9947    0.9945    0.9951    0.9947    0.9953    0.9953    0.9947    0.9950    0.9944    0.9944    0.9938    0.9935    0.9940    0.9935    0.9942    0.9941    0.9929    0.9939    0.9948    0.9933    0.9947    0.9945    0.9932    0.9922    0.9939    0.9933    0.9918    0.9924    0.9912    0.9912    0.9906    0.9899    0.9898    0.9893    0.9902    0.9895    0.9904    0.9894    0.9904    0.9898    0.9906    0.9911    0.9919
  58    0.9926    0.9919    0.9940    0.9934    0.9941    0.9947    0.9945    0.9951    0.9947    0.9953    0.9953    0.9947    0.9950    0.9944    0.9944    0.9938    0.9935    0.9940    0.9935    0.9942    0.9941    0.9929    0.9939    0.9948    0.9933    0.9947    0.9945    0.9932    0.9922    0.9939    0.9933    0.9918    0.9924    0.9912    0.9912    0.9906    0.9899    0.9898    0.9893    0.9902    0.9895    0.9904    0.9894    0.9904    0.9898    0.9906    0.9911    0.9919
  59    1.0000    1.0000    1.0000    1.0000    1.0000    1.0000    1.0000    1.0000    1.0000    1.0000    1.0000    1.0000    1.0000    1.0000    1.0000    1.0000    1.0000    1.0000    1.0000    1.0000    1.0000    1.0000    1.0000    1.0000    1.0000    1.0000    1.0000    1.0000    1.0000    1.0000    1.0000    1.0000    1.0000    1.0000    1.0000    1.0000    1.0000    1.0000    1.0000    1.0000    1.0000    1.0000    1.0000    1.0000    1.0000    1.0000    1.0000    1.0000
  60    1.0000    1.0000    1.0001    1.0001    1.0001    1.0002    1.0002    1.0002    1.0002    1.0002    1.0002    1.0002    1.0002    1.0002    1.0002    1.0001    1.0001    1.0001    1.0001    1.0001    1.0001    1.0000    1.0001    1.0001    1.0001    1.0001    1.0001    1.0001    1.0000    1.0001    1.0001    1.0000    1.0000    0.9999    0.9999    0.9999    0.9999    0.9999    0.9998    0.9999    0.9999    0.9999    0.9999    0.9999    0.9999    0.9999    1.0000    1.0000
  61    0.9998    0.9997    1.0000    0.9999    1.0000    1.0001    1.0000    1.0001    1.0001    1.0001    1.0001    1.0001    1.0001    1.0000    1.0000    1.0000    0.9999    1.0000    0.9999    1.0000    1.0000    0.9998    1.0000    1.0001    0.9999    1.0001    1.0000    0.9999    0.9998    1.0000    0.9999    0.9997    0.9998    0.9996    0.9996    0.9996    0.9995    0.9995    0.9994    0.9995    0.9994    0.9995    0.9994    0.9995    0.9995    0.9996    0.9996    0.9997
  62    0.9996    0.9996    0.9999    0.9998    0.9999    1.0000    0.9999    1.0000    1.0000    1.0001    1.0001    1.0000    1.0000    0.9999    0.9999    0.9998    0.9998    0.9999    0.9998    0.9999    0.9998    0.9997    0.9998    1.0000    0.9998    1.0000    0.9999    0.9997    0.9996    0.9998    0.9998    0.9996    0.9996    0.9995    0.9995    0.9994    0.9993    0.9993    0.9992    0.9993    0.9992    0.9994    0.9992    0.9993    0.9993    0.9994    0.9995    0.9996
  63    0.9996    0.9995    0.9999    0.9998    0.9999    1.0000    0.9999    1.0000    1.0000    1.0000    1.0000    1.0000    1.0000    0.9999    0.9999    0.9998    0.9998    0.9998    0.9998    0.9999    0.9998    0.9997    0.9998    1.0000    0.9998    1.0000    0.9999    0.9997    0.9996    0.9998    0.9998    0.9995    0.9996    0.9995    0.9995    0.9994    0.9993    0.9993    0.9992    0.9993    0.9992    0.9993    0.9992    0.9993    0.9993    0.9994    0.9995    0.9996
  64    0.9965    0.9962    0.9973    0.9970    0.9974    0.9977    0.9976    0.9979    0.9977    0.9980    0.9981    0.9977    0.9979    0.9976    0.9976    0.9973    0.9971    0.9974    0.9972    0.9976    0.9976    0.9969    0.9975    0.9982    0.9972    0.9981    0.9980    0.9971    0.9966    0.9977    0.9973    0.9963    0.9967    0.9960    0.9960    0.9956    0.9951    0.9951    0.9948    0.9953    0.9949    0.9954    0.9949    0.9954    0.9951    0.9955    0.9958    0.9963
  65    0.9952    0.9948    0.9963    0.9958    0.9963    0.9968    0.9966    0.9971    0.9968    0.9972    0.9972    0.9968    0.9970    0.9966    0.9966    0.9962    0.9960    0.9964    0.9961    0.9966    0.9967    0.9957    0.9966    0.9974    0.9962    0.9973    0.9972    0.9961    0.9954    0.9967    0.9962    0.9950    0.9955    0.9945    0.9945    0.9940    0.9934    0.9934    0.9929    0.9936    0.9931    0.9937    0.9931    0.9937    0.9933    0.9939    0.9943    0.9949
  66    0.9951    0.9946    0.9962    0.9957    0.9962    0.9967    0.9965    0.9969    0.9966    0.9971    0.9971    0.9967    0.9969    0.9964    0.9965    0.9960    0.9958    0.9962    0.9959    0.9965    0.9965    0.9956    0.9965    0.9973    0.9960    0.9972    0.9971    0.9959    0.9952    0.9966    0.9961    0.9948    0.9954    0.9943    0.9943    0.9938    0.9932    0.9932    0.9927    0.9934    0.9929    0.9935    0.9928    0.9935    0.9931    0.9937    0.9941    0.9947
  67    0.9951    0.9945    0.9961    0.9957    0.9962    0.9966    0.9965    0.9969    0.9966    0.9971    0.9971    0.9967    0.9969    0.9964    0.9965    0.9960    0.9958    0.9962    0.9959    0.9965    0.9965    0.9955    0.9964    0.9973    0.9960    0.9972    0.9971    0.9959    0.9952    0.9966    0.9961    0.9948    0.9953    0.9943    0.9943    0.9938    0.9932    0.9931    0.9927    0.9933    0.9928    0.9935    0.9928    0.9935    0.9931    0.9937    0.9941    0.9947
  68    0.9948    0.9943    0.9960    0.9955    0.9961    0.9965    0.9964    0.9968    0.9965    0.9970    0.9970    0.9965    0.9968    0.9963    0.9963    0.9959    0.9957    0.9961    0.9957    0.9963    0.9963    0.9953    0.9963    0.9971    0.9958    0.9970    0.9969    0.9957    0.9949    0.9964    0.9959    0.9945    0.9951    0.9940    0.9940    0.9935    0.9928    0.9928    0.9923    0.9931    0.9925    0.9932    0.9925    0.9932    0.9928    0.9934    0.9938    0.9944
  69    0.9948    0.9943    0.9960    0.9955    0.9961    0.9965    0.9964    0.9968    0.9965    0.9970    0.9970    0.9965    0.9968    0.9963    0.9963    0.9959    0.9957    0.9961    0.9957    0.9963    0.9963    0.9953    0.9963    0.9971    0.9958    0.9970    0.9969    0.9957    0.9949    0.9964    0.9959    0.9945    0.9951    0.9940    0.9940    0.9935    0.9928    0.9928    0.9923    0.9931    0.9925    0.9932    0.9925    0.9932    0.9928    0.9934    0.9938    0.9944


||  =========  ||  =========  ||  =========  ||  =========  ||  =========  ||  =========    


||  =========  ||  =========  ||  =========  ||  =========  ||  =========  ||  =========    

Tensao Minima = 0.9735
Tensao Máxima = 1.0005


||  =========  ||  =========  ||  =========  ||  =========  ||  =========  ||  =========    



Bancos de capacitores Fixos


8	0 
12	1 
18	1 
32	0 
50	3 
60	1 
62	0 
64	0 

Bancos de capacitores Chaveados

Hora	0	1	2	3	4	5	6	7	8	9	10	11	12	13	14	15	16	17	18	19	20	21	22	23
8	0 	0 	0 	0 	0 	0 	0 	0 	0 	0 	0 	0 	0 	0 	0 	0 	0 	0 	0 	0 	0 	0 	0 	0 
12	0 	0 	0 	0 	0 	0 	0 	0 	0 	0 	0 	0 	0 	0 	0 	0 	0 	0 	0 	0 	0 	0 	0 	0 
18	0 	0 	0 	0 	0 	0 	0 	0 	0 	0 	0 	0 	0 	0 	0 	0 	0 	0 	0 	0 	0 	0 	0 	0 
32	0 	0 	0 	0 	0 	0 	0 	0 	0 	0 	0 	0 	0 	0 	0 	0 	0 	0 	0 	0 	0 	0 	0 	0 
50	0 	0 	0 	0 	0 	0 	0 	0 	0 	0 	0 	1 	1 	1 	1 	1 	1 	1 	1 	1 	1 	1 	1 	1 
60	0 	0 	0 	0 	0 	0 	0 	0 	0 	0 	0 	0 	0 	0 	0 	0 	0 	0 	0 	0 	0 	0 	0 	0 
62	0 	0 	0 	0 	0 	0 	0 	0 	0 	0 	0 	0 	0 	0 	0 	0 	0 	0 	0 	0 	0 	0 	0 	0 
64	0 	0 	0 	0 	0 	0 	0 	0 	0 	0 	0 	0 	0 	0 	0 	0 	0 	0 	0 	0 	0 	0 	0 	0 

||  =========  ||  =========  ||  =========  ||  =========  ||  =========  ||  =========    



Geradores Distribuidos

Hora		0			1			2			3			4			5			6			7			8			9			10			11			12			13			14			15			16			17			18			19			20			21			22			23	
18	399.99	2.33	 	399.97	4.74	 	399.94	6.90	 	399.90	8.80	 	399.88	9.83	 	399.88	9.92	 	399.92	8.07	 	399.95	6.35	 	399.99	3.25	 	400.00	1.70	 	400.00	1.71	 	400.00	1.75	 	400.00	1.52	 	400.00	1.49	 	400.00	1.54	 	400.00	1.48	 	400.00	1.49	 	400.00	1.64	 	400.00	1.68	 	400.00	1.68	 	400.00	1.62	 	400.00	1.64	 	400.00	1.58	 	399.99	2.52	 
61	400.00	0.23	 	399.41	0.46	 	400.00	0.68	 	400.00	0.88	 	400.00	1.00	 	400.00	1.01	 	400.00	0.80	 	399.99	0.62	 	399.99	0.31	 	400.00	0.18	 	400.00	0.10	 	400.00	0.22	 	400.00	0.21	 	400.00	0.19	 	400.00	0.14	 	400.00	0.18	 	400.00	0.16	 	400.00	0.10	 	400.00	0.05	 	400.00	0.07	 	400.00	0.09	 	400.00	0.08	 	400.00	0.12	 	400.00	0.25	 

Geradores Fotovoltaicos

Cenario 1


24	0.00	0.00	0.00	0.00	0.00	0.00	0.00	0.00	0.00	0.00	0.00	0.00	0.00	0.00	1.70	0.00	39.43	0.00	114.72	0.00	238.61	0.00	232.35	0.00	207.95	0.00	343.99	0.00	200.84	0.00	278.88	0.00	211.30	0.00	132.35	0.00	20.98	0.00	0.30	0.00	0.00	0.00	0.00	0.00	0.00	0.00	0.00	0.00
28	0.00	0.00	0.00	0.00	0.00	0.00	0.00	0.00	0.00	0.00	0.00	0.00	0.00	0.00	1.70	0.00	39.43	0.00	114.72	0.00	238.61	0.00	232.35	0.00	207.95	0.00	343.99	0.00	200.84	0.00	278.88	0.00	211.30	0.00	132.35	0.00	20.98	0.00	0.30	0.00	0.00	0.00	0.00	0.00	0.00	0.00	0.00	0.00
50	0.00	0.00	0.00	0.00	0.00	0.00	0.00	0.00	0.00	0.00	0.00	0.00	0.00	0.00	1.70	0.00	39.43	0.00	114.72	0.00	238.61	0.00	232.35	0.00	207.95	0.00	343.99	0.00	200.84	0.00	278.88	0.00	211.30	0.00	132.35	0.00	20.98	0.00	0.30	0.00	0.00	0.00	0.00	0.00	0.00	0.00	0.00	0.00
66	0.00	0.00	0.00	0.00	0.00	0.00	0.00	0.00	0.00	0.00	0.00	0.00	0.00	0.00	1.70	0.00	39.43	0.00	114.72	0.00	238.61	0.00	232.35	0.00	207.95	0.00	343.99	0.00	200.84	0.00	278.88	0.00	211.30	0.00	132.35	0.00	20.98	0.00	0.30	0.00	0.00	0.00	0.00	0.00	0.00	0.00	0.00	0.00

Cenario 2


24	0.00	0.00	0.00	0.00	0.00	0.00	0.00	0.00	0.00	0.00	0.00	0.00	0.00	0.00	3.08	0.00	81.34	0.00	177.98	0.00	151.61	0.00	317.22	0.00	334.15	0.00	219.69	0.00	327.86	0.00	152.95	0.00	119.45	0.00	80.47	0.00	48.59	0.00	0.30	0.00	0.00	0.00	0.00	0.00	0.00	0.00	0.00	0.00
28	0.00	0.00	0.00	0.00	0.00	0.00	0.00	0.00	0.00	0.00	0.00	0.00	0.00	0.00	3.08	0.00	81.34	0.00	177.98	0.00	151.61	0.00	317.22	0.00	334.15	0.00	219.69	0.00	327.86	0.00	152.95	0.00	119.45	0.00	80.47	0.00	48.59	0.00	0.30	0.00	0.00	0.00	0.00	0.00	0.00	0.00	0.00	0.00
50	0.00	0.00	0.00	0.00	0.00	0.00	0.00	0.00	0.00	0.00	0.00	0.00	0.00	0.00	3.08	0.00	81.34	0.00	177.98	0.00	151.61	0.00	317.22	0.00	334.15	0.00	219.69	0.00	327.86	0.00	152.95	0.00	119.45	0.00	80.47	0.00	48.59	0.00	0.30	0.00	0.00	0.00	0.00	0.00	0.00	0.00	0.00	0.00
66	0.00	0.00	0.00	0.00	0.00	0.00	0.00	0.00	0.00	0.00	0.00	0.00	0.00	0.00	3.08	0.00	81.34	0.00	177.98	0.00	151.61	0.00	317.22	0.00	334.15	0.00	219.69	0.00	327.86	0.00	152.95	0.00	119.45	0.00	80.47	0.00	48.59	0.00	0.30	0.00	0.00	0.00	0.00	0.00	0.00	0.00	0.00	0.00



||  =========  ||  =========  ||  =========  ||  =========  ||  =========  ||  ========= 

Paineis Fotovoltaicos


24 	 1
28 	 1
50 	 1
66 	 1

||  =========  ||  =========  ||  =========  ||  =========  ||  =========  ||  =========    

Funcao Objetivo    =     8832243.1565 

||  =========  ||  =========  ||  =========  ||  =========  ||  =========  ||  =========    

CustoEnergiaSE = 4678410

CustoEmissao = 1932230

CustoInvBCF = 9383.94

CustoInvBCC = 2081

CustoInvPV = 8e+05

CustoInvGD = 254400

CustoOeM = 279431

CustoEnergiaGD = 876307

Qcbf [*] :=
 1  0      11  0      21  0      31  0      41  0      51  0      61  0
 2  0      12 -0.03   22  0      32  0      42  0      52  0      62  0
 3  0      13  0      23  0      33  0      43  0      53  0      63  0
 4  0      14  0      24  0      34  0      44  0      54  0      64  0
 5  0      15  0      25  0      35  0      45  0      55  0      65  0
 6  0      16  0      26  0      36  0      46  0      56  0      66  0
 7  0      17  0      27  0      37  0      47  0      57  0      67  0
 8  0      18 -0.03   28  0      38  0      48  0      58  0      68  0
 9  0      19  0      29  0      39  0      49  0      59  0      69  0
10  0      20  0      30  0      40  0      50 -0.09   60 -0.03
;

Ncb_max [*] :=
 1 0    8 0   15 0   22 0   29 0   36 0   43 0   50 1   57 0   64 0
 2 0    9 0   16 0   23 0   30 0   37 0   44 0   51 0   58 0   65 0
 3 0   10 0   17 0   24 0   31 0   38 0   45 0   52 0   59 0   66 0
 4 0   11 0   18 0   25 0   32 0   39 0   46 0   53 0   60 0   67 0
 5 0   12 0   19 0   26 0   33 0   40 0   47 0   54 0   61 0   68 0
 6 0   13 0   20 0   27 0   34 0   41 0   48 0   55 0   62 0   69 0
 7 0   14 0   21 0   28 0   35 0   42 0   49 0   56 0   63 0
;

Qcb [*,*,1]
:    0   1   2   3   4   5   6   7   8   9  10    11      12      13      14 :=
1    0   0   0   0   0   0   0   0   0   0   0    0       0       0       0
2    0   0   0   0   0   0   0   0   0   0   0    0       0       0       0
3    0   0   0   0   0   0   0   0   0   0   0    0       0       0       0
4    0   0   0   0   0   0   0   0   0   0   0    0       0       0       0
5    0   0   0   0   0   0   0   0   0   0   0    0       0       0       0
6    0   0   0   0   0   0   0   0   0   0   0    0       0       0       0
7    0   0   0   0   0   0   0   0   0   0   0    0       0       0       0
8    0   0   0   0   0   0   0   0   0   0   0    0       0       0       0
9    0   0   0   0   0   0   0   0   0   0   0    0       0       0       0
10   0   0   0   0   0   0   0   0   0   0   0    0       0       0       0
11   0   0   0   0   0   0   0   0   0   0   0    0       0       0       0
12   0   0   0   0   0   0   0   0   0   0   0    0       0       0       0
13   0   0   0   0   0   0   0   0   0   0   0    0       0       0       0
14   0   0   0   0   0   0   0   0   0   0   0    0       0       0       0
15   0   0   0   0   0   0   0   0   0   0   0    0       0       0       0
16   0   0   0   0   0   0   0   0   0   0   0    0       0       0       0
17   0   0   0   0   0   0   0   0   0   0   0    0       0       0       0
18   0   0   0   0   0   0   0   0   0   0   0    0       0       0       0
19   0   0   0   0   0   0   0   0   0   0   0    0       0       0       0
20   0   0   0   0   0   0   0   0   0   0   0    0       0       0       0
21   0   0   0   0   0   0   0   0   0   0   0    0       0       0       0
22   0   0   0   0   0   0   0   0   0   0   0    0       0       0       0
23   0   0   0   0   0   0   0   0   0   0   0    0       0       0       0
24   0   0   0   0   0   0   0   0   0   0   0    0       0       0       0
25   0   0   0   0   0   0   0   0   0   0   0    0       0       0       0
26   0   0   0   0   0   0   0   0   0   0   0    0       0       0       0
27   0   0   0   0   0   0   0   0   0   0   0    0       0       0       0
28   0   0   0   0   0   0   0   0   0   0   0    0       0       0       0
29   0   0   0   0   0   0   0   0   0   0   0    0       0       0       0
30   0   0   0   0   0   0   0   0   0   0   0    0       0       0       0
31   0   0   0   0   0   0   0   0   0   0   0    0       0       0       0
32   0   0   0   0   0   0   0   0   0   0   0    0       0       0       0
33   0   0   0   0   0   0   0   0   0   0   0    0       0       0       0
34   0   0   0   0   0   0   0   0   0   0   0    0       0       0       0
35   0   0   0   0   0   0   0   0   0   0   0    0       0       0       0
36   0   0   0   0   0   0   0   0   0   0   0    0       0       0       0
37   0   0   0   0   0   0   0   0   0   0   0    0       0       0       0
38   0   0   0   0   0   0   0   0   0   0   0    0       0       0       0
39   0   0   0   0   0   0   0   0   0   0   0    0       0       0       0
40   0   0   0   0   0   0   0   0   0   0   0    0       0       0       0
41   0   0   0   0   0   0   0   0   0   0   0    0       0       0       0
42   0   0   0   0   0   0   0   0   0   0   0    0       0       0       0
43   0   0   0   0   0   0   0   0   0   0   0    0       0       0       0
44   0   0   0   0   0   0   0   0   0   0   0    0       0       0       0
45   0   0   0   0   0   0   0   0   0   0   0    0       0       0       0
46   0   0   0   0   0   0   0   0   0   0   0    0       0       0       0
47   0   0   0   0   0   0   0   0   0   0   0    0       0       0       0
48   0   0   0   0   0   0   0   0   0   0   0    0       0       0       0
49   0   0   0   0   0   0   0   0   0   0   0    0       0       0       0
50   0   0   0   0   0   0   0   0   0   0   0   -0.03   -0.03   -0.03   -0.03
51   0   0   0   0   0   0   0   0   0   0   0    0       0       0       0
52   0   0   0   0   0   0   0   0   0   0   0    0       0       0       0
53   0   0   0   0   0   0   0   0   0   0   0    0       0       0       0
54   0   0   0   0   0   0   0   0   0   0   0    0       0       0       0
55   0   0   0   0   0   0   0   0   0   0   0    0       0       0       0
56   0   0   0   0   0   0   0   0   0   0   0    0       0       0       0
57   0   0   0   0   0   0   0   0   0   0   0    0       0       0       0
58   0   0   0   0   0   0   0   0   0   0   0    0       0       0       0
59   0   0   0   0   0   0   0   0   0   0   0    0       0       0       0
60   0   0   0   0   0   0   0   0   0   0   0    0       0       0       0
61   0   0   0   0   0   0   0   0   0   0   0    0       0       0       0
62   0   0   0   0   0   0   0   0   0   0   0    0       0       0       0
63   0   0   0   0   0   0   0   0   0   0   0    0       0       0       0
64   0   0   0   0   0   0   0   0   0   0   0    0       0       0       0
65   0   0   0   0   0   0   0   0   0   0   0    0       0       0       0
66   0   0   0   0   0   0   0   0   0   0   0    0       0       0       0
67   0   0   0   0   0   0   0   0   0   0   0    0       0       0       0
68   0   0   0   0   0   0   0   0   0   0   0    0       0       0       0
69   0   0   0   0   0   0   0   0   0   0   0    0       0       0       0

:     15      16      17      18      19      20      21      22      23     :=
1     0       0       0       0       0       0       0       0       0
2     0       0       0       0       0       0       0       0       0
3     0       0       0       0       0       0       0       0       0
4     0       0       0       0       0       0       0       0       0
5     0       0       0       0       0       0       0       0       0
6     0       0       0       0       0       0       0       0       0
7     0       0       0       0       0       0       0       0       0
8     0       0       0       0       0       0       0       0       0
9     0       0       0       0       0       0       0       0       0
10    0       0       0       0       0       0       0       0       0
11    0       0       0       0       0       0       0       0       0
12    0       0       0       0       0       0       0       0       0
13    0       0       0       0       0       0       0       0       0
14    0       0       0       0       0       0       0       0       0
15    0       0       0       0       0       0       0       0       0
16    0       0       0       0       0       0       0       0       0
17    0       0       0       0       0       0       0       0       0
18    0       0       0       0       0       0       0       0       0
19    0       0       0       0       0       0       0       0       0
20    0       0       0       0       0       0       0       0       0
21    0       0       0       0       0       0       0       0       0
22    0       0       0       0       0       0       0       0       0
23    0       0       0       0       0       0       0       0       0
24    0       0       0       0       0       0       0       0       0
25    0       0       0       0       0       0       0       0       0
26    0       0       0       0       0       0       0       0       0
27    0       0       0       0       0       0       0       0       0
28    0       0       0       0       0       0       0       0       0
29    0       0       0       0       0       0       0       0       0
30    0       0       0       0       0       0       0       0       0
31    0       0       0       0       0       0       0       0       0
32    0       0       0       0       0       0       0       0       0
33    0       0       0       0       0       0       0       0       0
34    0       0       0       0       0       0       0       0       0
35    0       0       0       0       0       0       0       0       0
36    0       0       0       0       0       0       0       0       0
37    0       0       0       0       0       0       0       0       0
38    0       0       0       0       0       0       0       0       0
39    0       0       0       0       0       0       0       0       0
40    0       0       0       0       0       0       0       0       0
41    0       0       0       0       0       0       0       0       0
42    0       0       0       0       0       0       0       0       0
43    0       0       0       0       0       0       0       0       0
44    0       0       0       0       0       0       0       0       0
45    0       0       0       0       0       0       0       0       0
46    0       0       0       0       0       0       0       0       0
47    0       0       0       0       0       0       0       0       0
48    0       0       0       0       0       0       0       0       0
49    0       0       0       0       0       0       0       0       0
50   -0.03   -0.03   -0.03   -0.03   -0.03   -0.03   -0.03   -0.03   -0.03
51    0       0       0       0       0       0       0       0       0
52    0       0       0       0       0       0       0       0       0
53    0       0       0       0       0       0       0       0       0
54    0       0       0       0       0       0       0       0       0
55    0       0       0       0       0       0       0       0       0
56    0       0       0       0       0       0       0       0       0
57    0       0       0       0       0       0       0       0       0
58    0       0       0       0       0       0       0       0       0
59    0       0       0       0       0       0       0       0       0
60    0       0       0       0       0       0       0       0       0
61    0       0       0       0       0       0       0       0       0
62    0       0       0       0       0       0       0       0       0
63    0       0       0       0       0       0       0       0       0
64    0       0       0       0       0       0       0       0       0
65    0       0       0       0       0       0       0       0       0
66    0       0       0       0       0       0       0       0       0
67    0       0       0       0       0       0       0       0       0
68    0       0       0       0       0       0       0       0       0
69    0       0       0       0       0       0       0       0       0

 [*,*,2]
:    0   1   2   3   4   5   6   7   8   9  10    11      12      13      14 :=
1    0   0   0   0   0   0   0   0   0   0   0    0       0       0       0
2    0   0   0   0   0   0   0   0   0   0   0    0       0       0       0
3    0   0   0   0   0   0   0   0   0   0   0    0       0       0       0
4    0   0   0   0   0   0   0   0   0   0   0    0       0       0       0
5    0   0   0   0   0   0   0   0   0   0   0    0       0       0       0
6    0   0   0   0   0   0   0   0   0   0   0    0       0       0       0
7    0   0   0   0   0   0   0   0   0   0   0    0       0       0       0
8    0   0   0   0   0   0   0   0   0   0   0    0       0       0       0
9    0   0   0   0   0   0   0   0   0   0   0    0       0       0       0
10   0   0   0   0   0   0   0   0   0   0   0    0       0       0       0
11   0   0   0   0   0   0   0   0   0   0   0    0       0       0       0
12   0   0   0   0   0   0   0   0   0   0   0    0       0       0       0
13   0   0   0   0   0   0   0   0   0   0   0    0       0       0       0
14   0   0   0   0   0   0   0   0   0   0   0    0       0       0       0
15   0   0   0   0   0   0   0   0   0   0   0    0       0       0       0
16   0   0   0   0   0   0   0   0   0   0   0    0       0       0       0
17   0   0   0   0   0   0   0   0   0   0   0    0       0       0       0
18   0   0   0   0   0   0   0   0   0   0   0    0       0       0       0
19   0   0   0   0   0   0   0   0   0   0   0    0       0       0       0
20   0   0   0   0   0   0   0   0   0   0   0    0       0       0       0
21   0   0   0   0   0   0   0   0   0   0   0    0       0       0       0
22   0   0   0   0   0   0   0   0   0   0   0    0       0       0       0
23   0   0   0   0   0   0   0   0   0   0   0    0       0       0       0
24   0   0   0   0   0   0   0   0   0   0   0    0       0       0       0
25   0   0   0   0   0   0   0   0   0   0   0    0       0       0       0
26   0   0   0   0   0   0   0   0   0   0   0    0       0       0       0
27   0   0   0   0   0   0   0   0   0   0   0    0       0       0       0
28   0   0   0   0   0   0   0   0   0   0   0    0       0       0       0
29   0   0   0   0   0   0   0   0   0   0   0    0       0       0       0
30   0   0   0   0   0   0   0   0   0   0   0    0       0       0       0
31   0   0   0   0   0   0   0   0   0   0   0    0       0       0       0
32   0   0   0   0   0   0   0   0   0   0   0    0       0       0       0
33   0   0   0   0   0   0   0   0   0   0   0    0       0       0       0
34   0   0   0   0   0   0   0   0   0   0   0    0       0       0       0
35   0   0   0   0   0   0   0   0   0   0   0    0       0       0       0
36   0   0   0   0   0   0   0   0   0   0   0    0       0       0       0
37   0   0   0   0   0   0   0   0   0   0   0    0       0       0       0
38   0   0   0   0   0   0   0   0   0   0   0    0       0       0       0
39   0   0   0   0   0   0   0   0   0   0   0    0       0       0       0
40   0   0   0   0   0   0   0   0   0   0   0    0       0       0       0
41   0   0   0   0   0   0   0   0   0   0   0    0       0       0       0
42   0   0   0   0   0   0   0   0   0   0   0    0       0       0       0
43   0   0   0   0   0   0   0   0   0   0   0    0       0       0       0
44   0   0   0   0   0   0   0   0   0   0   0    0       0       0       0
45   0   0   0   0   0   0   0   0   0   0   0    0       0       0       0
46   0   0   0   0   0   0   0   0   0   0   0    0       0       0       0
47   0   0   0   0   0   0   0   0   0   0   0    0       0       0       0
48   0   0   0   0   0   0   0   0   0   0   0    0       0       0       0
49   0   0   0   0   0   0   0   0   0   0   0    0       0       0       0
50   0   0   0   0   0   0   0   0   0   0   0   -0.03   -0.03   -0.03   -0.03
51   0   0   0   0   0   0   0   0   0   0   0    0       0       0       0
52   0   0   0   0   0   0   0   0   0   0   0    0       0       0       0
53   0   0   0   0   0   0   0   0   0   0   0    0       0       0       0
54   0   0   0   0   0   0   0   0   0   0   0    0       0       0       0
55   0   0   0   0   0   0   0   0   0   0   0    0       0       0       0
56   0   0   0   0   0   0   0   0   0   0   0    0       0       0       0
57   0   0   0   0   0   0   0   0   0   0   0    0       0       0       0
58   0   0   0   0   0   0   0   0   0   0   0    0       0       0       0
59   0   0   0   0   0   0   0   0   0   0   0    0       0       0       0
60   0   0   0   0   0   0   0   0   0   0   0    0       0       0       0
61   0   0   0   0   0   0   0   0   0   0   0    0       0       0       0
62   0   0   0   0   0   0   0   0   0   0   0    0       0       0       0
63   0   0   0   0   0   0   0   0   0   0   0    0       0       0       0
64   0   0   0   0   0   0   0   0   0   0   0    0       0       0       0
65   0   0   0   0   0   0   0   0   0   0   0    0       0       0       0
66   0   0   0   0   0   0   0   0   0   0   0    0       0       0       0
67   0   0   0   0   0   0   0   0   0   0   0    0       0       0       0
68   0   0   0   0   0   0   0   0   0   0   0    0       0       0       0
69   0   0   0   0   0   0   0   0   0   0   0    0       0       0       0

:     15      16      17      18      19      20      21      22      23     :=
1     0       0       0       0       0       0       0       0       0
2     0       0       0       0       0       0       0       0       0
3     0       0       0       0       0       0       0       0       0
4     0       0       0       0       0       0       0       0       0
5     0       0       0       0       0       0       0       0       0
6     0       0       0       0       0       0       0       0       0
7     0       0       0       0       0       0       0       0       0
8     0       0       0       0       0       0       0       0       0
9     0       0       0       0       0       0       0       0       0
10    0       0       0       0       0       0       0       0       0
11    0       0       0       0       0       0       0       0       0
12    0       0       0       0       0       0       0       0       0
13    0       0       0       0       0       0       0       0       0
14    0       0       0       0       0       0       0       0       0
15    0       0       0       0       0       0       0       0       0
16    0       0       0       0       0       0       0       0       0
17    0       0       0       0       0       0       0       0       0
18    0       0       0       0       0       0       0       0       0
19    0       0       0       0       0       0       0       0       0
20    0       0       0       0       0       0       0       0       0
21    0       0       0       0       0       0       0       0       0
22    0       0       0       0       0       0       0       0       0
23    0       0       0       0       0       0       0       0       0
24    0       0       0       0       0       0       0       0       0
25    0       0       0       0       0       0       0       0       0
26    0       0       0       0       0       0       0       0       0
27    0       0       0       0       0       0       0       0       0
28    0       0       0       0       0       0       0       0       0
29    0       0       0       0       0       0       0       0       0
30    0       0       0       0       0       0       0       0       0
31    0       0       0       0       0       0       0       0       0
32    0       0       0       0       0       0       0       0       0
33    0       0       0       0       0       0       0       0       0
34    0       0       0       0       0       0       0       0       0
35    0       0       0       0       0       0       0       0       0
36    0       0       0       0       0       0       0       0       0
37    0       0       0       0       0       0       0       0       0
38    0       0       0       0       0       0       0       0       0
39    0       0       0       0       0       0       0       0       0
40    0       0       0       0       0       0       0       0       0
41    0       0       0       0       0       0       0       0       0
42    0       0       0       0       0       0       0       0       0
43    0       0       0       0       0       0       0       0       0
44    0       0       0       0       0       0       0       0       0
45    0       0       0       0       0       0       0       0       0
46    0       0       0       0       0       0       0       0       0
47    0       0       0       0       0       0       0       0       0
48    0       0       0       0       0       0       0       0       0
49    0       0       0       0       0       0       0       0       0
50   -0.03   -0.03   -0.03   -0.03   -0.03   -0.03   -0.03   -0.03   -0.03
51    0       0       0       0       0       0       0       0       0
52    0       0       0       0       0       0       0       0       0
53    0       0       0       0       0       0       0       0       0
54    0       0       0       0       0       0       0       0       0
55    0       0       0       0       0       0       0       0       0
56    0       0       0       0       0       0       0       0       0
57    0       0       0       0       0       0       0       0       0
58    0       0       0       0       0       0       0       0       0
59    0       0       0       0       0       0       0       0       0
60    0       0       0       0       0       0       0       0       0
61    0       0       0       0       0       0       0       0       0
62    0       0       0       0       0       0       0       0       0
63    0       0       0       0       0       0       0       0       0
64    0       0       0       0       0       0       0       0       0
65    0       0       0       0       0       0       0       0       0
66    0       0       0       0       0       0       0       0       0
67    0       0       0       0       0       0       0       0       0
68    0       0       0       0       0       0       0       0       0
69    0       0       0       0       0       0       0       0       0
;

FatDem [*] :=
1  1
2  1.05
3  1.1025
4  1.15763
5  1.21551
;



||  =========  ||  =========  ||  =========  ||  =========  ||  =========  ||  =========    

time() - startTime = 13165

Fator de Potencia na Subestacao:


Ano =    1

    0.9968    0.9930    0.9997    0.9997    0.9996    0.9963    0.9980    0.9924    0.9969    0.9895    0.9893    0.9965    0.9936    0.9985    0.9984    1.0000    0.9986    0.9981    0.9909    0.9865    0.9667    0.9776    0.9954    0.9917    0.9941    0.9854    0.9798    0.9912    0.9854    0.9752    0.9808    0.9893    0.9855    0.9889    0.9874    0.9897    0.9912    0.9878    0.9897    0.9945    0.9910    0.9954    0.9906    0.9953    0.9926    0.9964    0.9982    0.9999

Ano =    2

    0.9927    0.9878    0.9997    0.9974    0.9998    0.9996    1.0000    0.9980    0.9997    0.9965    0.9964    0.9996    0.9985    1.0000    1.0000    0.9989    0.9949    0.9936    0.9836    0.9770    0.9546    0.9684    0.9878    0.9800    0.9866    0.9720    0.9656    0.9828    0.9768    0.9620    0.9697    0.9819    0.9766    0.9820    0.9802    0.9834    0.9858    0.9817    0.9842    0.9899    0.9858    0.9911    0.9853    0.9909    0.9876    0.9924    0.9949    0.9982

Ano =    3

    0.9874    0.9819    0.9974    0.9935    0.9976    0.9997    0.9991    1.0000    0.9996    0.9997    0.9996    0.9997    1.0000    0.9988    0.9989    0.9958    0.9897    0.9874    0.9755    0.9671    0.9435    0.9593    0.9786    0.9673    0.9779    0.9587    0.9522    0.9736    0.9678    0.9496    0.9588    0.9740    0.9674    0.9746    0.9726    0.9766    0.9797    0.9751    0.9783    0.9844    0.9800    0.9858    0.9794    0.9856    0.9820    0.9873    0.9903    0.9949

Ano =    4

    0.9815    0.9755    0.9934    0.9884    0.9938    0.9975    0.9962    0.9991    0.9972    0.9997    0.9997    0.9974    0.9988    0.9956    0.9957    0.9913    0.9835    0.9803    0.9672    0.9573    0.9334    0.9506    0.9690    0.9551    0.9689    0.9463    0.9400    0.9642    0.9589    0.9384    0.9484    0.9659    0.9584    0.9670    0.9648    0.9695    0.9734    0.9683    0.9720    0.9785    0.9738    0.9800    0.9732    0.9798    0.9759    0.9817    0.9850    0.9905

Ano =    5

    0.9751    0.9689    0.9884    0.9826    0.9888    0.9937    0.9918    0.9962    0.9932    0.9974    0.9975    0.9935    0.9956    0.9911    0.9912    0.9857    0.9768    0.9728    0.9591    0.9482    0.9245    0.9423    0.9595    0.9440    0.9599    0.9354    0.9294    0.9551    0.9504    0.9284    0.9389    0.9579    0.9497    0.9595    0.9571    0.9624    0.9669    0.9615    0.9657    0.9723    0.9675    0.9739    0.9669    0.9737    0.9696    0.9756    0.9792    0.9852
<